id,temperatura,presion,altura,timestamp
1,25.1799,3427.4636,161.3494,2025-11-12 14:18:49.000
2,25.1965,3416.2205,161.8279,2025-11-12 14:18:49.010
3,25.2104,3431.6004,159.9394,2025-11-12 14:18:49.020
4,25.1765,3428.5522,160.8526,2025-11-12 14:18:49.030
5,25.2094,3405.5108,161.291,2025-11-12 14:18:49.040
6,25.2434,3438.2276,161.2341,2025-11-12 14:18:49.050
7,25.1936,3399.3084,160.1514,2025-11-12 14:18:49.060
8,25.2001,3417.4185,160.6773,2025-11-12 14:18:49.070
9,25.2293,3451.0341,160.8223,2025-11-12 14:18:49.080
10,25.2339,3420.4843,162.5917,2025-11-12 14:18:49.090
11,25.1994,3411.1022,161.3738,2025-11-12 14:18:49.100
12,25.1741,3408.4483,161.5602,2025-11-12 14:18:49.110
13,25.2126,3411.8448,161.776,2025-11-12 14:18:49.120
14,25.1946,3411.7711,161.9392,2025-11-12 14:18:49.130
15,25.214,3433.9312,161.2107,2025-11-12 14:18:49.140
16,25.215,3406.8596,162.2252,2025-11-12 14:18:49.150
17,25.2046,3429.8233,161.626,2025-11-12 14:18:49.160
18,25.2051,3432.4927,162.4518,2025-11-12 14:18:49.170
19,25.2121,3426.1527,161.5283,2025-11-12 14:18:49.180
20,25.1712,3421.7765,162.0133,2025-11-12 14:18:49.190
21,25.1902,3403.808,161.9568,2025-11-12 14:18:49.200
22,25.1845,3436.7288,162.2111,2025-11-12 14:18:49.210
23,25.2096,3420.2599,162.3874,2025-11-12 14:18:49.220
24,25.1795,3420.95,160.8073,2025-11-12 14:18:49.230
25,25.1979,3414.1226,162.1121,2025-11-12 14:18:49.240
26,25.1691,3412.5981,162.2079,2025-11-12 14:18:49.250
27,25.2116,3420.4717,161.8529,2025-11-12 14:18:49.260
28,25.1981,3408.2841,161.2089,2025-11-12 14:18:49.270
29,25.2165,3421.4303,162.239,2025-11-12 14:18:49.280
30,25.1662,3413.2074,162.0635,2025-11-12 14:18:49.290
31,25.2092,3401.6823,161.3212,2025-11-12 14:18:49.300
32,25.2145,3413.8926,161.3976,2025-11-12 14:18:49.310
33,25.1825,3421.8514,161.7651,2025-11-12 14:18:49.320
34,25.1961,3420.0257,161.3949,2025-11-12 14:18:49.330
35,25.1784,3415.1845,161.1321,2025-11-12 14:18:49.340
36,25.2017,3427.8873,161.0456,2025-11-12 14:18:49.350
37,25.1924,3407.6413,161.321,2025-11-12 14:18:49.360
38,25.2142,3436.5276,163.0717,2025-11-12 14:18:49.370
39,25.1985,3414.0335,161.5788,2025-11-12 14:18:49.380
40,25.1835,3424.2698,162.0976,2025-11-12 14:18:49.390
41,25.1812,3397.4108,161.5962,2025-11-12 14:18:49.400
42,25.1967,3413.314,161.0497,2025-11-12 14:18:49.410
43,25.2446,3437.269,161.6259,2025-11-12 14:18:49.420
44,25.1631,3415.4812,161.1025,2025-11-12 14:18:49.430
45,25.1947,3422.3637,161.8041,2025-11-12 14:18:49.440
46,25.1885,3413.8088,161.3705,2025-11-12 14:18:49.450
47,25.182,3397.3384,161.4061,2025-11-12 14:18:49.460
48,25.178,3430.3376,162.5818,2025-11-12 14:18:49.470
49,25.2159,3434.4586,161.001,2025-11-12 14:18:49.480
50,25.2026,3431.9149,160.9828,2025-11-12 14:18:49.490
51,25.1869,3436.3069,162.2896,2025-11-12 14:18:49.500
52,25.1725,3441.0981,161.3356,2025-11-12 14:18:49.510
53,25.1702,3410.3701,160.644,2025-11-12 14:18:49.520
54,25.1924,3436.9864,160.9417,2025-11-12 14:18:49.530
55,25.1909,3417.3558,162.064,2025-11-12 14:18:49.540
56,25.2139,3416.8272,161.6876,2025-11-12 14:18:49.550
57,25.2278,3397.5835,161.5425,2025-11-12 14:18:49.560
58,25.1972,3431.078,161.2619,2025-11-12 14:18:49.570
59,25.1849,3410.2368,160.9616,2025-11-12 14:18:49.580
60,25.1841,3403.9,161.2441,2025-11-12 14:18:49.590
61,25.192,3410.5871,161.4686,2025-11-12 14:18:49.600
62,25.1599,3443.2004,162.1285,2025-11-12 14:18:49.610
63,25.202,3423.2682,160.8093,2025-11-12 14:18:49.620
64,25.1888,3411.3483,162.0425,2025-11-12 14:18:49.630
65,25.1692,3398.0771,161.301,2025-11-12 14:18:49.640
66,25.1751,3413.8442,160.7421,2025-11-12 14:18:49.650
67,25.2119,3439.2676,160.3123,2025-11-12 14:18:49.660
68,25.17,3436.0252,161.9685,2025-11-12 14:18:49.670
69,25.177,3428.3764,161.6235,2025-11-12 14:18:49.680
70,25.2224,3437.4285,161.5836,2025-11-12 14:18:49.690
71,25.23,3408.4949,161.393,2025-11-12 14:18:49.700
72,25.2069,3419.4317,161.1525,2025-11-12 14:18:49.710
73,25.1825,3431.4273,162.0748,2025-11-12 14:18:49.720
74,25.2327,3418.7078,161.1928,2025-11-12 14:18:49.730
75,25.2248,3417.2363,162.1286,2025-11-12 14:18:49.740
76,25.1911,3413.0352,162.2647,2025-11-12 14:18:49.750
77,25.1748,3444.0252,161.2753,2025-11-12 14:18:49.760
78,25.2323,3409.1804,161.4056,2025-11-12 14:18:49.770
79,25.2219,3426.2749,161.5589,2025-11-12 14:18:49.780
80,25.1917,3430.8565,161.4665,2025-11-12 14:18:49.790
81,25.2444,3434.3978,161.1838,2025-11-12 14:18:49.800
82,25.2047,3409.156,160.9319,2025-11-12 14:18:49.810
83,25.2255,3413.3012,161.5864,2025-11-12 14:18:49.820
84,25.2072,3422.9165,161.6728,2025-11-12 14:18:49.830
85,25.1919,3404.5622,161.568,2025-11-12 14:18:49.840
86,25.1824,3397.4133,161.0777,2025-11-12 14:18:49.850
87,25.2378,3411.9134,161.9323,2025-11-12 14:18:49.860
88,25.2009,3417.7162,160.9769,2025-11-12 14:18:49.870
89,25.2056,3419.9197,161.2356,2025-11-12 14:18:49.880
90,25.1832,3413.7676,162.0744,2025-11-12 14:18:49.890
91,25.1879,3429.8155,161.5925,2025-11-12 14:18:49.900
92,25.2002,3426.9803,161.448,2025-11-12 14:18:49.910
93,25.1778,3422.8459,161.9941,2025-11-12 14:18:49.920
94,25.2114,3403.6826,161.514,2025-11-12 14:18:49.930
95,25.2143,3417.1437,161.0034,2025-11-12 14:18:49.940
96,25.187,3412.9192,161.6348,2025-11-12 14:18:49.950
97,25.2087,3436.2474,161.4186,2025-11-12 14:18:49.960
98,25.1936,3395.9193,160.3912,2025-11-12 14:18:49.970
99,25.1743,3410.9074,160.2806,2025-11-12 14:18:49.980
100,25.1642,3412.7005,161.218,2025-11-12 14:18:49.990
101,25.1958,3411.2327,161.5612,2025-11-12 14:18:50.000
102,25.213,3409.4977,161.9799,2025-11-12 14:18:50.010
103,25.1869,3433.9833,160.6994,2025-11-12 14:18:50.020
104,25.1707,3414.8752,161.6273,2025-11-12 14:18:50.030
105,25.2368,3427.9696,161.3633,2025-11-12 14:18:50.040
106,25.1822,3432.6309,161.3133,2025-11-12 14:18:50.050
107,25.205,3425.3425,161.6303,2025-11-12 14:18:50.060
108,25.2163,3434.9931,161.5894,2025-11-12 14:18:50.070
109,25.2252,3427.2872,161.6698,2025-11-12 14:18:50.080
110,25.2197,3436.8911,159.8929,2025-11-12 14:18:50.090
111,25.1954,3427.4261,161.1972,2025-11-12 14:18:50.100
112,25.2148,3401.0365,160.4925,2025-11-12 14:18:50.110
113,25.2278,3406.8067,160.9078,2025-11-12 14:18:50.120
114,25.2332,3428.9158,161.9284,2025-11-12 14:18:50.130
115,25.1928,3396.5681,160.3446,2025-11-12 14:18:50.140
116,25.1951,3406.9602,162.5419,2025-11-12 14:18:50.150
117,25.2202,3429.6448,161.5109,2025-11-12 14:18:50.160
118,25.1691,3415.5555,161.5019,2025-11-12 14:18:50.170
119,25.2066,3427.5001,160.941,2025-11-12 14:18:50.180
120,25.177,3408.7858,161.6947,2025-11-12 14:18:50.190
121,25.216,3442.2805,161.9835,2025-11-12 14:18:50.200
122,25.1961,3428.1343,161.3326,2025-11-12 14:18:50.210
123,25.1993,3420.8918,160.9755,2025-11-12 14:18:50.220
124,25.1792,3416.7506,162.1572,2025-11-12 14:18:50.230
125,25.2292,3422.1333,161.3872,2025-11-12 14:18:50.240
126,25.2065,3420.1069,162.3885,2025-11-12 14:18:50.250
127,25.1663,3413.0555,162.1247,2025-11-12 14:18:50.260
128,25.2316,3408.5223,161.8608,2025-11-12 14:18:50.270
129,25.2249,3426.1254,162.3888,2025-11-12 14:18:50.280
130,25.1866,3439.7062,162.5109,2025-11-12 14:18:50.290
131,25.2199,3436.5408,160.9548,2025-11-12 14:18:50.300
132,25.1742,3436.5488,162.1036,2025-11-12 14:18:50.310
133,25.1858,3413.8103,161.0382,2025-11-12 14:18:50.320
134,25.1654,3430.5831,160.6574,2025-11-12 14:18:50.330
135,25.2028,3437.0901,161.3326,2025-11-12 14:18:50.340
136,25.1705,3426.0678,160.8102,2025-11-12 14:18:50.350
137,25.2233,3420.1276,161.4761,2025-11-12 14:18:50.360
138,25.176,3413.5014,161.3756,2025-11-12 14:18:50.370
139,25.2293,3414.8297,162.0948,2025-11-12 14:18:50.380
140,25.2007,3413.1346,162.3045,2025-11-12 14:18:50.390
141,25.1749,3412.7846,162.1332,2025-11-12 14:18:50.400
142,25.1875,3410.0402,161.2917,2025-11-12 14:18:50.410
143,25.2268,3424.137,161.5882,2025-11-12 14:18:50.420
144,25.1738,3434.5748,162.1327,2025-11-12 14:18:50.430
145,25.2243,3404.1393,161.2871,2025-11-12 14:18:50.440
146,25.2291,3425.4209,161.8218,2025-11-12 14:18:50.450
147,25.212,3419.4639,161.2941,2025-11-12 14:18:50.460
148,25.2258,3413.4391,161.5178,2025-11-12 14:18:50.470
149,25.2098,3432.1494,161.2729,2025-11-12 14:18:50.480
150,25.2099,3425.0778,161.237,2025-11-12 14:18:50.490
151,25.2191,3436.7091,161.5073,2025-11-12 14:18:50.500
152,25.2181,3410.1913,161.1078,2025-11-12 14:18:50.510
153,25.2084,3408.1693,161.3543,2025-11-12 14:18:50.520
154,25.1818,3430.4973,160.6295,2025-11-12 14:18:50.530
155,25.2199,3432.7591,161.9797,2025-11-12 14:18:50.540
156,25.2269,3446.7289,161.3916,2025-11-12 14:18:50.550
157,25.2119,3439.164,161.5639,2025-11-12 14:18:50.560
158,25.1975,3411.3311,161.7962,2025-11-12 14:18:50.570
159,25.221,3402.7464,162.0262,2025-11-12 14:18:50.580
160,25.2072,3426.9574,161.8477,2025-11-12 14:18:50.590
161,25.1906,3410.9574,161.0596,2025-11-12 14:18:50.600
162,25.181,3427.2392,161.1411,2025-11-12 14:18:50.610
163,25.2133,3395.0799,162.0228,2025-11-12 14:18:50.620
164,25.1948,3441.3984,160.4964,2025-11-12 14:18:50.630
165,25.1937,3405.8449,160.8753,2025-11-12 14:18:50.640
166,25.192,3405.8427,162.6303,2025-11-12 14:18:50.650
167,25.205,3439.9205,161.8431,2025-11-12 14:18:50.660
168,25.2135,3408.4595,162.3116,2025-11-12 14:18:50.670
169,25.2179,3444.3904,160.7355,2025-11-12 14:18:50.680
170,25.2119,3401.8386,161.3528,2025-11-12 14:18:50.690
171,25.2074,3421.5284,161.7837,2025-11-12 14:18:50.700
172,25.2389,3421.5412,161.6504,2025-11-12 14:18:50.710
173,25.2122,3438.7404,161.9554,2025-11-12 14:18:50.720
174,25.1855,3425.1711,161.3744,2025-11-12 14:18:50.730
175,25.2308,3399.0301,161.6722,2025-11-12 14:18:50.740
176,25.232,3439.0583,161.7031,2025-11-12 14:18:50.750
177,25.1648,3428.4536,161.2144,2025-11-12 14:18:50.760
178,25.1888,3417.3301,162.1225,2025-11-12 14:18:50.770
179,25.204,3397.3908,161.0361,2025-11-12 14:18:50.780
180,25.2251,3439.141,160.7774,2025-11-12 14:18:50.790
181,25.2131,3417.1879,161.7951,2025-11-12 14:18:50.800
182,25.2248,3436.7346,162.1109,2025-11-12 14:18:50.810
183,25.221,3424.1165,161.8535,2025-11-12 14:18:50.820
184,25.1819,3418.1576,162.3086,2025-11-12 14:18:50.830
185,25.1989,3418.5047,161.4394,2025-11-12 14:18:50.840
186,25.2172,3433.0191,161.6902,2025-11-12 14:18:50.850
187,25.2035,3413.5469,160.4754,2025-11-12 14:18:50.860
188,25.1586,3410.04,162.3648,2025-11-12 14:18:50.870
189,25.1944,3410.4644,161.3735,2025-11-12 14:18:50.880
190,25.2084,3405.3658,161.8758,2025-11-12 14:18:50.890
191,25.2304,3397.186,161.1219,2025-11-12 14:18:50.900
192,25.1926,3403.1134,160.9546,2025-11-12 14:18:50.910
193,25.1617,3413.3537,161.4201,2025-11-12 14:18:50.920
194,25.2207,3400.4246,161.4017,2025-11-12 14:18:50.930
195,25.2299,3411.3467,161.4645,2025-11-12 14:18:50.940
196,25.2102,3395.9661,161.3528,2025-11-12 14:18:50.950
197,25.2197,3407.1139,161.1802,2025-11-12 14:18:50.960
198,25.1956,3440.539,162.239,2025-11-12 14:18:50.970
199,25.2077,3419.2024,161.8205,2025-11-12 14:18:50.980
200,25.1782,3414.8098,161.3162,2025-11-12 14:18:50.990
201,25.1646,3417.2479,162.0186,2025-11-12 14:18:51.000
202,25.1883,3405.9948,161.3574,2025-11-12 14:18:51.010
203,25.185,3424.1717,161.1847,2025-11-12 14:18:51.020
204,25.1844,3420.08,162.2315,2025-11-12 14:18:51.030
205,25.2092,3421.691,161.315,2025-11-12 14:18:51.040
206,25.1967,3408.8389,160.6075,2025-11-12 14:18:51.050
207,25.1847,3434.2062,161.1409,2025-11-12 14:18:51.060
208,25.1984,3422.4341,161.921,2025-11-12 14:18:51.070
209,25.2329,3402.4964,161.1807,2025-11-12 14:18:51.080
210,25.1802,3419.8708,162.2503,2025-11-12 14:18:51.090
211,25.2022,3406.0449,162.0337,2025-11-12 14:18:51.100
212,25.2028,3441.2,162.2415,2025-11-12 14:18:51.110
213,25.1862,3423.9451,161.7873,2025-11-12 14:18:51.120
214,25.2041,3406.3059,162.0199,2025-11-12 14:18:51.130
215,25.1657,3426.9104,161.5318,2025-11-12 14:18:51.140
216,25.2108,3420.239,161.6953,2025-11-12 14:18:51.150
217,25.1686,3441.8942,161.7138,2025-11-12 14:18:51.160
218,25.197,3427.4653,161.3211,2025-11-12 14:18:51.170
219,25.1922,3402.7643,162.2935,2025-11-12 14:18:51.180
220,25.2064,3410.9299,161.6881,2025-11-12 14:18:51.190
221,25.1745,3417.0325,161.867,2025-11-12 14:18:51.200
222,25.2158,3411.1843,161.8692,2025-11-12 14:18:51.210
223,25.2052,3434.0292,161.1445,2025-11-12 14:18:51.220
224,25.1822,3435.1401,161.4309,2025-11-12 14:18:51.230
225,25.2258,3424.0119,162.2338,2025-11-12 14:18:51.240
226,25.2154,3427.5297,160.993,2025-11-12 14:18:51.250
227,25.2099,3399.2527,161.6628,2025-11-12 14:18:51.260
228,25.1991,3416.8542,161.7155,2025-11-12 14:18:51.270
229,25.2121,3401.4772,161.4424,2025-11-12 14:18:51.280
230,25.1643,3412.7363,161.4366,2025-11-12 14:18:51.290
231,25.1666,3427.2053,161.9495,2025-11-12 14:18:51.300
232,25.181,3438.547,161.1766,2025-11-12 14:18:51.310
233,25.1749,3434.151,161.8154,2025-11-12 14:18:51.320
234,25.1828,3404.377,161.8052,2025-11-12 14:18:51.330
235,25.1782,3428.3953,160.766,2025-11-12 14:18:51.340
236,25.2171,3439.0663,162.0168,2025-11-12 14:18:51.350
237,25.2053,3432.1886,161.9951,2025-11-12 14:18:51.360
238,25.2028,3450.0983,161.5329,2025-11-12 14:18:51.370
239,25.2013,3400.2798,161.6518,2025-11-12 14:18:51.380
240,25.2079,3438.7393,161.9316,2025-11-12 14:18:51.390
241,25.195,3428.3756,162.1149,2025-11-12 14:18:51.400
242,25.2094,3412.873,161.3077,2025-11-12 14:18:51.410
243,25.1938,3409.044,161.6887,2025-11-12 14:18:51.420
244,25.1726,3409.0926,161.8712,2025-11-12 14:18:51.430
245,25.2268,3407.7578,161.5856,2025-11-12 14:18:51.440
246,25.2054,3408.0685,161.4187,2025-11-12 14:18:51.450
247,25.1939,3409.194,161.6715,2025-11-12 14:18:51.460
248,25.2199,3417.7772,161.3802,2025-11-12 14:18:51.470
249,25.1968,3428.317,160.7886,2025-11-12 14:18:51.480
250,25.2047,3426.686,160.8889,2025-11-12 14:18:51.490
251,25.186,3419.104,161.4271,2025-11-12 14:18:51.500
252,25.2235,3433.3154,160.0769,2025-11-12 14:18:51.510
253,25.194,3432.0393,161.4601,2025-11-12 14:18:51.520
254,25.2102,3426.6518,160.9549,2025-11-12 14:18:51.530
255,25.1651,3412.0921,161.7437,2025-11-12 14:18:51.540
256,25.1937,3434.2886,161.0744,2025-11-12 14:18:51.550
257,25.1857,3426.2285,161.8809,2025-11-12 14:18:51.560
258,25.1902,3404.2308,161.04,2025-11-12 14:18:51.570
259,25.2214,3424.0017,161.3502,2025-11-12 14:18:51.580
260,25.2057,3406.0306,162.0217,2025-11-12 14:18:51.590
261,25.2032,3411.4671,161.808,2025-11-12 14:18:51.600
262,25.1862,3408.9454,161.898,2025-11-12 14:18:51.610
263,25.1688,3431.3333,161.5223,2025-11-12 14:18:51.620
264,25.2435,3434.9222,161.6051,2025-11-12 14:18:51.630
265,25.2295,3405.4642,161.0872,2025-11-12 14:18:51.640
266,25.1966,3436.2707,161.2551,2025-11-12 14:18:51.650
267,25.1979,3424.0416,161.4456,2025-11-12 14:18:51.660
268,25.2136,3406.8855,162.0413,2025-11-12 14:18:51.670
269,25.1897,3417.4324,161.2353,2025-11-12 14:18:51.680
270,25.1951,3427.7736,162.2811,2025-11-12 14:18:51.690
271,25.1819,3437.8774,161.5721,2025-11-12 14:18:51.700
272,24.92,3430.33,161.61,2025-11-12 14:18:51.710
273,24.88,3429.68,163.29,2025-11-12 14:18:51.720
274,24.87,3402.29,163.21,2025-11-12 14:18:51.730
275,24.88,3423.46,163.32,2025-11-12 14:18:51.740
276,24.91,3415.23,163.15,2025-11-12 14:18:51.750
277,24.93,3402.55,164.28,2025-11-12 14:18:51.760
278,24.86,3361.64,164.24,2025-11-12 14:18:51.770
279,24.9,3403.23,163.9,2025-11-12 14:18:51.780
280,24.95,3373.8,164.42,2025-11-12 14:18:51.790
281,24.88,3387.99,164.44,2025-11-12 14:18:51.800
282,24.94,3381.82,164.94,2025-11-12 14:18:51.810
283,24.9,3375.01,164.35,2025-11-12 14:18:51.820
284,24.95,3386.3,164.4,2025-11-12 14:18:51.830
285,24.92,3390.78,163.91,2025-11-12 14:18:51.840
286,24.92,3370.55,164.79,2025-11-12 14:18:51.850
287,24.93,3381.23,164.51,2025-11-12 14:18:51.860
288,24.95,3354.2,166.52,2025-11-12 14:18:51.870
289,24.93,3367.77,166.01,2025-11-12 14:18:51.880
290,24.96,3366.72,164.48,2025-11-12 14:18:51.890
291,24.95,3342.78,164.63,2025-11-12 14:18:51.900
292,24.93,3351.81,164.13,2025-11-12 14:18:51.910
293,24.97,3369.42,166.75,2025-11-12 14:18:51.920
294,24.99,3351.13,164.92,2025-11-12 14:18:51.930
295,24.96,3362.94,165.17,2025-11-12 14:18:51.940
296,24.97,3340.92,165.83,2025-11-12 14:18:51.950
297,24.98,3369.86,166.29,2025-11-12 14:18:51.960
298,24.98,3362.48,165.63,2025-11-12 14:18:51.970
299,24.96,3357.19,165.8,2025-11-12 14:18:51.980
300,24.98,3341.32,166.12,2025-11-12 14:18:51.990
301,25.0,3339.61,166.34,2025-11-12 14:18:52.000
302,24.96,3326.4,166.47,2025-11-12 14:18:52.010
303,24.96,3366.06,167.38,2025-11-12 14:18:52.020
304,24.97,3359.83,166.59,2025-11-12 14:18:52.030
305,25.0,3349.85,167.23,2025-11-12 14:18:52.040
306,25.02,3337.98,167.49,2025-11-12 14:18:52.050
307,24.99,3361.31,167.47,2025-11-12 14:18:52.060
308,24.96,3338.41,167.99,2025-11-12 14:18:52.070
309,25.0,3334.22,166.8,2025-11-12 14:18:52.080
310,25.03,3347.41,167.77,2025-11-12 14:18:52.090
311,25.05,3341.36,167.85,2025-11-12 14:18:52.100
312,24.99,3314.04,166.79,2025-11-12 14:18:52.110
313,25.0,3321.77,167.54,2025-11-12 14:18:52.120
314,25.01,3319.3,167.21,2025-11-12 14:18:52.130
315,25.0,3344.79,167.36,2025-11-12 14:18:52.140
316,25.03,3330.77,167.74,2025-11-12 14:18:52.150
317,25.02,3352.21,167.89,2025-11-12 14:18:52.160
318,25.04,3317.21,167.33,2025-11-12 14:18:52.170
319,25.03,3304.47,167.12,2025-11-12 14:18:52.180
320,25.02,3328.74,168.47,2025-11-12 14:18:52.190
321,25.0,3314.98,168.38,2025-11-12 14:18:52.200
322,25.04,3341.17,167.39,2025-11-12 14:18:52.210
323,25.01,3307.11,167.5,2025-11-12 14:18:52.220
324,25.03,3345.75,168.26,2025-11-12 14:18:52.230
325,25.03,3315.39,168.9,2025-11-12 14:18:52.240
326,25.04,3305.72,167.02,2025-11-12 14:18:52.250
327,25.06,3315.46,167.54,2025-11-12 14:18:52.260
328,25.05,3339.79,168.55,2025-11-12 14:18:52.270
329,25.06,3347.51,168.27,2025-11-12 14:18:52.280
330,25.07,3347.21,169.29,2025-11-12 14:18:52.290
331,25.11,3313.38,168.67,2025-11-12 14:18:52.300
332,25.07,3319.07,168.33,2025-11-12 14:18:52.310
333,25.04,3335.72,169.03,2025-11-12 14:18:52.320
334,25.05,3312.52,168.66,2025-11-12 14:18:52.330
335,25.06,3291.91,168.88,2025-11-12 14:18:52.340
336,25.09,3309.49,169.03,2025-11-12 14:18:52.350
337,25.06,3324.38,168.31,2025-11-12 14:18:52.360
338,25.06,3301.02,168.77,2025-11-12 14:18:52.370
339,25.07,3330.09,168.41,2025-11-12 14:18:52.380
340,25.08,3310.13,168.99,2025-11-12 14:18:52.390
341,25.1,3316.42,167.98,2025-11-12 14:18:52.400
342,25.09,3309.42,168.95,2025-11-12 14:18:52.410
343,25.1,3313.77,169.85,2025-11-12 14:18:52.420
344,25.08,3292.39,169.34,2025-11-12 14:18:52.430
345,25.08,3317.77,169.1,2025-11-12 14:18:52.440
346,25.08,3304.06,169.22,2025-11-12 14:18:52.450
347,25.06,3326.82,168.97,2025-11-12 14:18:52.460
348,25.1,3304.93,170.22,2025-11-12 14:18:52.470
349,25.07,3312.79,170.45,2025-11-12 14:18:52.480
350,25.11,3303.16,168.87,2025-11-12 14:18:52.490
351,25.09,3285.66,169.72,2025-11-12 14:18:52.500
352,25.16,3299.39,171.09,2025-11-12 14:18:52.510
353,25.14,3284.61,170.14,2025-11-12 14:18:52.520
354,25.12,3281.12,169.36,2025-11-12 14:18:52.530
355,25.12,3284.29,169.21,2025-11-12 14:18:52.540
356,25.08,3286.3,170.02,2025-11-12 14:18:52.550
357,25.1,3289.23,169.45,2025-11-12 14:18:52.560
358,25.1,3302.25,169.46,2025-11-12 14:18:52.570
359,25.12,3275.08,169.25,2025-11-12 14:18:52.580
360,25.1,3277.73,170.65,2025-11-12 14:18:52.590
361,25.12,3281.16,170.11,2025-11-12 14:18:52.600
362,25.12,3285.71,169.28,2025-11-12 14:18:52.610
363,25.1,3289.7,169.23,2025-11-12 14:18:52.620
364,25.13,3281.48,169.66,2025-11-12 14:18:52.630
365,25.16,3275.51,169.39,2025-11-12 14:18:52.640
366,25.13,3287.8,170.39,2025-11-12 14:18:52.650
367,25.16,3301.6,168.94,2025-11-12 14:18:52.660
368,25.14,3307.76,170.72,2025-11-12 14:18:52.670
369,25.14,3286.08,170.2,2025-11-12 14:18:52.680
370,25.17,3280.08,169.83,2025-11-12 14:18:52.690
371,25.15,3274.42,171.23,2025-11-12 14:18:52.700
372,25.14,3305.61,170.33,2025-11-12 14:18:52.710
373,25.16,3292.72,170.3,2025-11-12 14:18:52.720
374,25.19,3268.55,170.7,2025-11-12 14:18:52.730
375,25.14,3293.52,169.82,2025-11-12 14:18:52.740
376,25.18,3263.28,170.38,2025-11-12 14:18:52.750
377,25.2,3290.6,170.84,2025-11-12 14:18:52.760
378,25.18,3287.43,170.46,2025-11-12 14:18:52.770
379,25.18,3282.53,170.74,2025-11-12 14:18:52.780
380,25.2,3281.46,170.43,2025-11-12 14:18:52.790
381,25.18,3286.23,171.08,2025-11-12 14:18:52.800
382,25.2,3280.89,170.81,2025-11-12 14:18:52.810
383,25.21,3293.46,170.74,2025-11-12 14:18:52.820
384,25.19,3305.42,170.43,2025-11-12 14:18:52.830
385,25.22,3290.66,171.43,2025-11-12 14:18:52.840
386,25.21,3266.36,171.82,2025-11-12 14:18:52.850
387,25.19,3287.57,171.19,2025-11-12 14:18:52.860
388,25.22,3271.39,170.33,2025-11-12 14:18:52.870
389,25.19,3294.53,171.55,2025-11-12 14:18:52.880
390,25.21,3251.44,170.95,2025-11-12 14:18:52.890
391,25.24,3280.95,172.25,2025-11-12 14:18:52.900
392,25.23,3283.8,171.53,2025-11-12 14:18:52.910
393,25.23,3292.25,172.28,2025-11-12 14:18:52.920
394,25.22,3265.38,171.94,2025-11-12 14:18:52.930
395,25.22,3280.19,172.32,2025-11-12 14:18:52.940
396,25.21,3259.76,171.08,2025-11-12 14:18:52.950
397,25.2,3265.55,171.77,2025-11-12 14:18:52.960
398,25.23,3251.5,171.61,2025-11-12 14:18:52.970
399,25.25,3251.29,172.17,2025-11-12 14:18:52.980
400,25.26,3268.93,171.26,2025-11-12 14:18:52.990
401,25.23,3281.35,172.02,2025-11-12 14:18:53.000
402,25.27,3245.46,171.41,2025-11-12 14:18:53.010
403,25.26,3252.36,171.39,2025-11-12 14:18:53.020
404,25.3,3258.39,171.17,2025-11-12 14:18:53.030
405,25.23,3278.07,172.32,2025-11-12 14:18:53.040
406,25.29,3259.51,172.54,2025-11-12 14:18:53.050
407,25.24,3277.57,171.44,2025-11-12 14:18:53.060
408,25.27,3252.66,170.89,2025-11-12 14:18:53.070
409,25.31,3253.89,171.71,2025-11-12 14:18:53.080
410,25.29,3271.5,173.28,2025-11-12 14:18:53.090
411,25.26,3281.78,172.86,2025-11-12 14:18:53.100
412,25.25,3285.58,172.67,2025-11-12 14:18:53.110
413,25.3,3271.35,171.54,2025-11-12 14:18:53.120
414,25.28,3252.9,172.78,2025-11-12 14:18:53.130
415,25.27,3258.05,172.31,2025-11-12 14:18:53.140
416,25.29,3267.73,172.46,2025-11-12 14:18:53.150
417,25.27,3250.69,172.08,2025-11-12 14:18:53.160
418,25.3,3257.48,172.48,2025-11-12 14:18:53.170
419,25.27,3260.11,172.55,2025-11-12 14:18:53.180
420,25.31,3247.38,172.38,2025-11-12 14:18:53.190
421,25.32,3244.33,172.16,2025-11-12 14:18:53.200
422,25.27,3246.33,172.34,2025-11-12 14:18:53.210
423,25.29,3255.92,172.59,2025-11-12 14:18:53.220
424,25.27,3262.52,173.23,2025-11-12 14:18:53.230
425,25.25,3268.58,172.75,2025-11-12 14:18:53.240
426,25.24,3258.95,173.2,2025-11-12 14:18:53.250
427,25.25,3254.01,172.76,2025-11-12 14:18:53.260
428,25.25,3251.95,172.64,2025-11-12 14:18:53.270
429,25.29,3236.02,173.87,2025-11-12 14:18:53.280
430,25.23,3247.31,173.76,2025-11-12 14:18:53.290
431,25.28,3266.27,172.76,2025-11-12 14:18:53.300
432,25.27,3240.82,172.43,2025-11-12 14:18:53.310
433,25.29,3251.6,172.69,2025-11-12 14:18:53.320
434,25.28,3276.18,172.73,2025-11-12 14:18:53.330
435,25.29,3259.62,173.58,2025-11-12 14:18:53.340
436,25.3,3255.59,173.25,2025-11-12 14:18:53.350
437,25.26,3240.81,173.5,2025-11-12 14:18:53.360
438,25.27,3233.98,173.44,2025-11-12 14:18:53.370
439,25.27,3250.5,172.58,2025-11-12 14:18:53.380
440,25.26,3252.79,173.15,2025-11-12 14:18:53.390
441,25.29,3262.79,172.76,2025-11-12 14:18:53.400
442,25.28,3242.8,172.24,2025-11-12 14:18:53.410
443,25.27,3228.91,173.4,2025-11-12 14:18:53.420
444,25.27,3260.19,173.12,2025-11-12 14:18:53.430
445,25.25,3264.28,173.25,2025-11-12 14:18:53.440
446,25.28,3236.46,173.12,2025-11-12 14:18:53.450
447,25.26,3231.03,171.84,2025-11-12 14:18:53.460
448,25.26,3255.87,174.23,2025-11-12 14:18:53.470
449,25.22,3234.9,173.32,2025-11-12 14:18:53.480
450,25.24,3225.05,174.01,2025-11-12 14:18:53.490
451,25.28,3258.64,174.28,2025-11-12 14:18:53.500
452,25.28,3243.66,174.21,2025-11-12 14:18:53.510
453,25.28,3253.58,173.22,2025-11-12 14:18:53.520
454,25.31,3207.96,173.45,2025-11-12 14:18:53.530
455,25.29,3249.32,174.05,2025-11-12 14:18:53.540
456,25.29,3216.63,173.88,2025-11-12 14:18:53.550
457,25.27,3248.37,174.1,2025-11-12 14:18:53.560
458,25.25,3242.58,173.96,2025-11-12 14:18:53.570
459,25.27,3221.73,173.76,2025-11-12 14:18:53.580
460,25.26,3225.38,173.45,2025-11-12 14:18:53.590
461,25.27,3252.25,173.81,2025-11-12 14:18:53.600
462,25.24,3233.73,172.96,2025-11-12 14:18:53.610
463,25.25,3253.27,174.81,2025-11-12 14:18:53.620
464,25.27,3233.82,174.55,2025-11-12 14:18:53.630
465,25.27,3226.21,173.39,2025-11-12 14:18:53.640
466,25.25,3240.47,174.4,2025-11-12 14:18:53.650
467,25.26,3237.52,174.38,2025-11-12 14:18:53.660
468,25.25,3246.29,174.25,2025-11-12 14:18:53.670
469,25.25,3220.09,173.68,2025-11-12 14:18:53.680
470,25.27,3216.29,173.74,2025-11-12 14:18:53.690
471,25.27,3217.6,174.6,2025-11-12 14:18:53.700
472,25.24,3241.83,173.83,2025-11-12 14:18:53.710
473,25.27,3215.44,173.39,2025-11-12 14:18:53.720
474,25.3,3243.89,174.24,2025-11-12 14:18:53.730
475,25.3,3246.11,174.43,2025-11-12 14:18:53.740
476,25.24,3221.8,174.62,2025-11-12 14:18:53.750
477,25.3,3219.32,175.5,2025-11-12 14:18:53.760
478,25.25,3216.03,174.46,2025-11-12 14:18:53.770
479,25.23,3222.45,174.65,2025-11-12 14:18:53.780
480,25.27,3228.61,174.31,2025-11-12 14:18:53.790
481,25.28,3250.94,174.19,2025-11-12 14:18:53.800
482,25.23,3248.82,174.63,2025-11-12 14:18:53.810
483,25.27,3225.96,173.69,2025-11-12 14:18:53.820
484,25.26,3245.56,174.28,2025-11-12 14:18:53.830
485,25.27,3232.98,175.35,2025-11-12 14:18:53.840
486,25.31,3239.53,174.01,2025-11-12 14:18:53.850
487,25.26,3244.67,174.56,2025-11-12 14:18:53.860
488,25.29,3206.79,174.89,2025-11-12 14:18:53.870
489,25.25,3234.55,174.47,2025-11-12 14:18:53.880
490,25.25,3223.95,174.7,2025-11-12 14:18:53.890
491,25.25,3215.15,174.47,2025-11-12 14:18:53.900
492,25.27,3238.2,175.52,2025-11-12 14:18:53.910
493,25.28,3247.56,176.14,2025-11-12 14:18:53.920
494,25.24,3226.02,174.74,2025-11-12 14:18:53.930
495,25.23,3207.24,175.15,2025-11-12 14:18:53.940
496,25.23,3213.48,174.81,2025-11-12 14:18:53.950
497,25.25,3222.78,174.13,2025-11-12 14:18:53.960
498,25.27,3200.91,174.88,2025-11-12 14:18:53.970
499,25.26,3221.93,174.41,2025-11-12 14:18:53.980
500,25.28,3216.37,174.69,2025-11-12 14:18:53.990
501,25.23,3203.43,175.24,2025-11-12 14:18:54.000
502,25.25,3228.64,175.26,2025-11-12 14:18:54.010
503,25.26,3219.37,174.72,2025-11-12 14:18:54.020
504,25.27,3212.3,174.54,2025-11-12 14:18:54.030
505,25.27,3219.6,175.24,2025-11-12 14:18:54.040
506,25.23,3199.13,175.8,2025-11-12 14:18:54.050
507,25.27,3196.89,174.46,2025-11-12 14:18:54.060
508,25.24,3222.98,175.13,2025-11-12 14:18:54.070
509,25.26,3206.1,175.26,2025-11-12 14:18:54.080
510,25.26,3207.28,175.2,2025-11-12 14:18:54.090
511,25.23,3229.54,175.54,2025-11-12 14:18:54.100
512,25.23,3230.35,175.78,2025-11-12 14:18:54.110
513,25.27,3226.18,176.72,2025-11-12 14:18:54.120
514,25.23,3219.19,176.07,2025-11-12 14:18:54.130
515,25.27,3214.01,174.89,2025-11-12 14:18:54.140
516,25.23,3228.03,175.96,2025-11-12 14:18:54.150
517,25.26,3216.15,174.92,2025-11-12 14:18:54.160
518,25.29,3194.12,175.33,2025-11-12 14:18:54.170
519,25.25,3187.1,176.2,2025-11-12 14:18:54.180
520,25.29,3225.13,176.79,2025-11-12 14:18:54.190
521,25.25,3194.08,176.14,2025-11-12 14:18:54.200
522,25.24,3199.03,175.56,2025-11-12 14:18:54.210
523,25.28,3217.88,175.23,2025-11-12 14:18:54.220
524,25.26,3234.59,174.3,2025-11-12 14:18:54.230
525,25.26,3235.08,174.67,2025-11-12 14:18:54.240
526,25.3,3235.18,172.49,2025-11-12 14:18:54.250
527,25.28,3246.89,173.4,2025-11-12 14:18:54.260
528,25.25,3236.45,173.6,2025-11-12 14:18:54.270
529,25.28,3230.75,173.55,2025-11-12 14:18:54.280
530,25.26,3247.49,173.34,2025-11-12 14:18:54.290
531,25.29,3238.35,173.25,2025-11-12 14:18:54.300
532,25.22,3255.54,173.09,2025-11-12 14:18:54.310
533,25.31,3265.35,173.49,2025-11-12 14:18:54.320
534,25.27,3272.45,172.39,2025-11-12 14:18:54.330
535,25.23,3259.71,173.0,2025-11-12 14:18:54.340
536,25.27,3266.15,172.85,2025-11-12 14:18:54.350
537,25.27,3252.47,171.9,2025-11-12 14:18:54.360
538,25.26,3264.22,172.47,2025-11-12 14:18:54.370
539,25.3,3280.7,171.36,2025-11-12 14:18:54.380
540,25.29,3287.59,171.64,2025-11-12 14:18:54.390
541,25.27,3263.88,171.53,2025-11-12 14:18:54.400
542,25.23,3281.19,171.31,2025-11-12 14:18:54.410
543,25.28,3256.13,171.57,2025-11-12 14:18:54.420
544,25.23,3253.18,171.31,2025-11-12 14:18:54.430
545,25.24,3263.84,171.16,2025-11-12 14:18:54.440
546,25.32,3282.7,172.13,2025-11-12 14:18:54.450
547,25.26,3292.15,172.02,2025-11-12 14:18:54.460
548,25.27,3288.79,170.21,2025-11-12 14:18:54.470
549,25.32,3285.71,171.93,2025-11-12 14:18:54.480
550,25.26,3278.85,170.81,2025-11-12 14:18:54.490
551,25.29,3278.82,170.35,2025-11-12 14:18:54.500
552,25.28,3258.86,170.97,2025-11-12 14:18:54.510
553,25.26,3264.22,170.87,2025-11-12 14:18:54.520
554,25.29,3303.96,170.72,2025-11-12 14:18:54.530
555,25.26,3305.06,170.79,2025-11-12 14:18:54.540
556,25.31,3284.98,170.17,2025-11-12 14:18:54.550
557,25.31,3274.42,169.62,2025-11-12 14:18:54.560
558,25.28,3294.09,169.71,2025-11-12 14:18:54.570
559,25.3,3264.4,170.31,2025-11-12 14:18:54.580
560,25.29,3290.41,170.75,2025-11-12 14:18:54.590
561,25.28,3277.93,170.59,2025-11-12 14:18:54.600
562,25.28,3281.17,170.38,2025-11-12 14:18:54.610
563,25.25,3272.6,169.34,2025-11-12 14:18:54.620
564,25.25,3297.97,169.3,2025-11-12 14:18:54.630
565,25.25,3268.23,170.94,2025-11-12 14:18:54.640
566,25.26,3319.49,169.71,2025-11-12 14:18:54.650
567,25.29,3294.0,169.34,2025-11-12 14:18:54.660
568,25.31,3294.07,168.75,2025-11-12 14:18:54.670
569,25.24,3298.49,169.39,2025-11-12 14:18:54.680
570,25.29,3284.76,169.82,2025-11-12 14:18:54.690
571,25.26,3281.62,168.77,2025-11-12 14:18:54.700
572,25.28,3328.69,169.27,2025-11-12 14:18:54.710
573,25.3,3285.65,169.86,2025-11-12 14:18:54.720
574,25.25,3310.95,169.0,2025-11-12 14:18:54.730
575,25.3,3284.65,169.75,2025-11-12 14:18:54.740
576,25.28,3306.08,168.92,2025-11-12 14:18:54.750
577,25.29,3311.32,169.15,2025-11-12 14:18:54.760
578,25.29,3323.32,169.08,2025-11-12 14:18:54.770
579,25.28,3304.34,168.29,2025-11-12 14:18:54.780
580,25.28,3325.82,169.46,2025-11-12 14:18:54.790
581,25.31,3328.42,169.37,2025-11-12 14:18:54.800
582,25.28,3311.07,168.69,2025-11-12 14:18:54.810
583,25.27,3290.48,169.01,2025-11-12 14:18:54.820
584,25.24,3310.52,169.04,2025-11-12 14:18:54.830
585,25.28,3323.47,168.59,2025-11-12 14:18:54.840
586,25.3,3332.51,168.8,2025-11-12 14:18:54.850
587,25.3,3327.55,168.97,2025-11-12 14:18:54.860
588,25.3,3315.9,168.7,2025-11-12 14:18:54.870
589,25.28,3308.34,169.02,2025-11-12 14:18:54.880
590,25.26,3337.76,168.31,2025-11-12 14:18:54.890
591,25.26,3316.71,168.31,2025-11-12 14:18:54.900
592,25.28,3298.19,167.93,2025-11-12 14:18:54.910
593,25.28,3322.29,167.87,2025-11-12 14:18:54.920
594,25.26,3308.69,168.7,2025-11-12 14:18:54.930
595,25.25,3334.29,167.29,2025-11-12 14:18:54.940
596,25.3,3326.74,167.44,2025-11-12 14:18:54.950
597,25.26,3294.75,167.7,2025-11-12 14:18:54.960
598,25.28,3320.5,167.96,2025-11-12 14:18:54.970
599,25.26,3307.46,167.0,2025-11-12 14:18:54.980
600,25.32,3311.25,167.8,2025-11-12 14:18:54.990
601,25.3,3320.3,168.65,2025-11-12 14:18:55.000
602,25.32,3338.88,168.36,2025-11-12 14:18:55.010
603,25.31,3318.75,167.04,2025-11-12 14:18:55.020
604,25.25,3316.88,168.15,2025-11-12 14:18:55.030
605,25.29,3348.56,168.2,2025-11-12 14:18:55.040
606,25.29,3319.24,167.29,2025-11-12 14:18:55.050
607,25.3,3320.91,167.26,2025-11-12 14:18:55.060
608,25.26,3341.55,167.66,2025-11-12 14:18:55.070
609,25.26,3325.16,166.69,2025-11-12 14:18:55.080
610,25.28,3314.93,167.65,2025-11-12 14:18:55.090
611,25.27,3330.17,166.94,2025-11-12 14:18:55.100
612,25.28,3314.15,166.82,2025-11-12 14:18:55.110
613,25.27,3347.45,167.56,2025-11-12 14:18:55.120
614,25.3,3328.44,167.46,2025-11-12 14:18:55.130
615,25.27,3348.6,167.64,2025-11-12 14:18:55.140
616,25.23,3322.97,167.17,2025-11-12 14:18:55.150
617,25.28,3349.0,166.88,2025-11-12 14:18:55.160
618,25.27,3352.63,167.67,2025-11-12 14:18:55.170
619,25.27,3349.62,166.16,2025-11-12 14:18:55.180
620,25.28,3349.74,166.5,2025-11-12 14:18:55.190
621,25.26,3350.11,166.33,2025-11-12 14:18:55.200
622,25.33,3356.71,167.74,2025-11-12 14:18:55.210
623,25.27,3329.06,166.59,2025-11-12 14:18:55.220
624,25.26,3356.07,166.63,2025-11-12 14:18:55.230
625,25.28,3327.33,165.22,2025-11-12 14:18:55.240
626,25.29,3340.62,167.21,2025-11-12 14:18:55.250
627,25.29,3355.07,166.16,2025-11-12 14:18:55.260
628,25.31,3327.29,165.5,2025-11-12 14:18:55.270
629,25.3,3348.98,166.37,2025-11-12 14:18:55.280
630,25.28,3339.94,166.72,2025-11-12 14:18:55.290
631,25.27,3353.84,166.49,2025-11-12 14:18:55.300
632,25.32,3365.95,166.42,2025-11-12 14:18:55.310
633,25.29,3335.67,165.26,2025-11-12 14:18:55.320
634,25.29,3341.85,166.38,2025-11-12 14:18:55.330
635,25.29,3359.85,166.63,2025-11-12 14:18:55.340
636,25.35,3341.23,165.86,2025-11-12 14:18:55.350
637,25.27,3356.81,166.18,2025-11-12 14:18:55.360
638,25.28,3351.9,166.04,2025-11-12 14:18:55.370
639,25.3,3344.02,166.88,2025-11-12 14:18:55.380
640,25.29,3334.14,166.45,2025-11-12 14:18:55.390
641,25.3,3366.05,165.45,2025-11-12 14:18:55.400
642,25.31,3356.78,166.16,2025-11-12 14:18:55.410
643,25.31,3346.07,165.96,2025-11-12 14:18:55.420
644,25.29,3340.56,166.85,2025-11-12 14:18:55.430
645,25.29,3372.06,165.75,2025-11-12 14:18:55.440
646,25.31,3374.73,165.66,2025-11-12 14:18:55.450
647,25.34,3345.91,166.02,2025-11-12 14:18:55.460
648,25.32,3379.76,165.53,2025-11-12 14:18:55.470
649,25.34,3337.65,165.79,2025-11-12 14:18:55.480
650,25.31,3363.8,165.35,2025-11-12 14:18:55.490
651,25.33,3362.01,165.15,2025-11-12 14:18:55.500
652,25.28,3356.87,164.67,2025-11-12 14:18:55.510
653,25.29,3351.33,164.99,2025-11-12 14:18:55.520
654,25.32,3370.87,165.58,2025-11-12 14:18:55.530
655,25.27,3371.34,165.92,2025-11-12 14:18:55.540
656,25.3,3368.37,165.91,2025-11-12 14:18:55.550
657,25.29,3389.03,165.11,2025-11-12 14:18:55.560
658,25.29,3361.05,165.22,2025-11-12 14:18:55.570
659,25.33,3357.9,164.72,2025-11-12 14:18:55.580
660,25.3,3381.79,164.79,2025-11-12 14:18:55.590
661,25.33,3367.86,165.03,2025-11-12 14:18:55.600
662,25.33,3367.9,164.76,2025-11-12 14:18:55.610
663,25.33,3382.75,164.31,2025-11-12 14:18:55.620
664,25.31,3348.34,164.67,2025-11-12 14:18:55.630
665,25.36,3368.87,165.21,2025-11-12 14:18:55.640
666,25.32,3341.61,165.21,2025-11-12 14:18:55.650
667,25.33,3368.75,165.14,2025-11-12 14:18:55.660
668,25.32,3359.88,164.84,2025-11-12 14:18:55.670
669,25.33,3353.43,164.16,2025-11-12 14:18:55.680
670,25.32,3382.01,164.82,2025-11-12 14:18:55.690
671,25.33,3382.71,164.78,2025-11-12 14:18:55.700
672,25.34,3352.41,165.26,2025-11-12 14:18:55.710
673,25.31,3377.97,164.97,2025-11-12 14:18:55.720
674,25.38,3376.09,163.61,2025-11-12 14:18:55.730
675,25.35,3384.11,164.59,2025-11-12 14:18:55.740
676,25.33,3377.13,164.91,2025-11-12 14:18:55.750
677,25.35,3389.49,163.58,2025-11-12 14:18:55.760
678,25.3,3359.15,164.45,2025-11-12 14:18:55.770
679,25.32,3395.0,163.64,2025-11-12 14:18:55.780
680,25.35,3392.1,165.44,2025-11-12 14:18:55.790
681,25.33,3393.63,165.0,2025-11-12 14:18:55.800
682,25.34,3371.42,164.19,2025-11-12 14:18:55.810
683,25.35,3383.72,164.73,2025-11-12 14:18:55.820
684,25.34,3354.34,164.24,2025-11-12 14:18:55.830
685,25.35,3392.92,164.35,2025-11-12 14:18:55.840
686,25.31,3370.49,164.39,2025-11-12 14:18:55.850
687,25.33,3397.62,163.53,2025-11-12 14:18:55.860
688,25.34,3400.96,164.37,2025-11-12 14:18:55.870
689,25.37,3383.86,163.64,2025-11-12 14:18:55.880
690,25.34,3374.41,163.94,2025-11-12 14:18:55.890
691,25.35,3361.67,163.9,2025-11-12 14:18:55.900
692,25.33,3360.2,163.13,2025-11-12 14:18:55.910
693,25.37,3379.25,163.39,2025-11-12 14:18:55.920
694,25.34,3375.42,164.41,2025-11-12 14:18:55.930
695,25.35,3395.04,163.96,2025-11-12 14:18:55.940
696,25.32,3389.3,163.7,2025-11-12 14:18:55.950
697,25.35,3378.02,163.23,2025-11-12 14:18:55.960
698,25.35,3388.22,163.9,2025-11-12 14:18:55.970
699,25.34,3372.06,162.31,2025-11-12 14:18:55.980
700,25.31,3399.06,164.96,2025-11-12 14:18:55.990
701,25.38,3373.4,163.75,2025-11-12 14:18:56.000
702,25.34,3388.11,163.52,2025-11-12 14:18:56.010
703,25.33,3386.15,164.32,2025-11-12 14:18:56.020
704,25.35,3360.51,164.07,2025-11-12 14:18:56.030
705,25.34,3385.4,163.28,2025-11-12 14:18:56.040
706,25.36,3402.33,163.19,2025-11-12 14:18:56.050
707,25.36,3389.43,163.82,2025-11-12 14:18:56.060
708,25.36,3379.48,163.74,2025-11-12 14:18:56.070
709,25.32,3374.34,162.77,2025-11-12 14:18:56.080
710,25.36,3376.8,162.94,2025-11-12 14:18:56.090
711,25.35,3404.21,163.74,2025-11-12 14:18:56.100
712,25.37,3402.47,163.95,2025-11-12 14:18:56.110
713,25.33,3373.85,163.16,2025-11-12 14:18:56.120
714,25.37,3409.16,162.44,2025-11-12 14:18:56.130
715,25.33,3386.08,163.33,2025-11-12 14:18:56.140
716,25.36,3389.06,164.11,2025-11-12 14:18:56.150
717,25.35,3416.15,163.28,2025-11-12 14:18:56.160
718,25.34,3388.76,163.03,2025-11-12 14:18:56.170
719,25.4,3367.87,161.89,2025-11-12 14:18:56.180
720,25.31,3387.49,163.55,2025-11-12 14:18:56.190
721,25.38,3410.48,163.27,2025-11-12 14:18:56.200
722,25.4,3407.14,162.98,2025-11-12 14:18:56.210
723,25.34,3397.33,162.39,2025-11-12 14:18:56.220
724,25.32,3395.98,164.31,2025-11-12 14:18:56.230
725,25.33,3374.35,162.66,2025-11-12 14:18:56.240
726,25.34,3396.5,162.78,2025-11-12 14:18:56.250
727,25.36,3406.43,162.74,2025-11-12 14:18:56.260
728,25.38,3423.8,163.11,2025-11-12 14:18:56.270
729,25.39,3432.41,162.69,2025-11-12 14:18:56.280
730,25.39,3398.52,162.02,2025-11-12 14:18:56.290
731,25.39,3421.86,162.13,2025-11-12 14:18:56.300
732,25.37,3414.89,162.78,2025-11-12 14:18:56.310
733,25.34,3388.6,162.84,2025-11-12 14:18:56.320
734,25.39,3387.84,163.71,2025-11-12 14:18:56.330
735,25.37,3403.4,162.44,2025-11-12 14:18:56.340
736,25.38,3417.12,161.38,2025-11-12 14:18:56.350
737,25.35,3401.47,162.26,2025-11-12 14:18:56.360
738,25.37,3402.26,163.42,2025-11-12 14:18:56.370
739,25.39,3406.09,162.96,2025-11-12 14:18:56.380
740,25.38,3410.07,162.14,2025-11-12 14:18:56.390
741,25.39,3412.46,162.93,2025-11-12 14:18:56.400
742,25.37,3406.98,162.6,2025-11-12 14:18:56.410
743,25.38,3425.99,161.68,2025-11-12 14:18:56.420
744,25.35,3395.99,161.62,2025-11-12 14:18:56.430
745,25.39,3404.36,161.48,2025-11-12 14:18:56.440
746,25.36,3401.12,162.53,2025-11-12 14:18:56.450
747,25.37,3395.49,161.88,2025-11-12 14:18:56.460
748,25.4,3414.4,161.7,2025-11-12 14:18:56.470
749,25.39,3422.2,162.4,2025-11-12 14:18:56.480
750,25.37,3418.25,162.47,2025-11-12 14:18:56.490
751,25.38,3413.45,161.28,2025-11-12 14:18:56.500
752,25.37,3432.23,161.48,2025-11-12 14:18:56.510
753,25.39,3424.03,162.26,2025-11-12 14:18:56.520
754,25.39,3413.34,162.95,2025-11-12 14:18:56.530
755,25.37,3396.85,161.84,2025-11-12 14:18:56.540
756,25.4,3400.89,162.1,2025-11-12 14:18:56.550
757,25.37,3425.09,162.11,2025-11-12 14:18:56.560
758,25.39,3425.33,161.3,2025-11-12 14:18:56.570
759,25.4,3399.27,161.71,2025-11-12 14:18:56.580
760,25.4,3416.85,161.67,2025-11-12 14:18:56.590
761,25.4,3393.7,161.85,2025-11-12 14:18:56.600
762,25.4,3400.27,161.89,2025-11-12 14:18:56.610
763,25.4,3420.23,161.56,2025-11-12 14:18:56.620
764,25.39,3418.0,162.34,2025-11-12 14:18:56.630
765,25.39,3417.85,161.99,2025-11-12 14:18:56.640
766,25.38,3425.14,161.06,2025-11-12 14:18:56.650
767,25.41,3433.54,161.16,2025-11-12 14:18:56.660
768,25.35,3405.8,161.52,2025-11-12 14:18:56.670
769,25.4,3406.72,161.36,2025-11-12 14:18:56.680
770,25.39,3417.92,160.64,2025-11-12 14:18:56.690
771,25.4,3423.67,162.39,2025-11-12 14:18:56.700
772,25.2053,3446.7021,162.1221,2025-11-12 14:18:56.710
773,25.1979,3399.4054,161.9108,2025-11-12 14:18:56.720
774,25.2144,3436.0918,161.0259,2025-11-12 14:18:56.730
775,25.1979,3449.4545,161.5056,2025-11-12 14:18:56.740
776,25.1875,3415.3611,161.9948,2025-11-12 14:18:56.750
777,25.2055,3414.6327,160.759,2025-11-12 14:18:56.760
778,25.1906,3433.6589,161.6164,2025-11-12 14:18:56.770
779,25.2211,3403.4018,162.1978,2025-11-12 14:18:56.780
780,25.2287,3406.1206,161.3867,2025-11-12 14:18:56.790
781,25.193,3408.7628,161.484,2025-11-12 14:18:56.800
782,25.24,3419.2675,160.5741,2025-11-12 14:18:56.810
783,25.1814,3392.8679,161.0289,2025-11-12 14:18:56.820
784,25.202,3419.5087,162.6805,2025-11-12 14:18:56.830
785,25.2068,3441.5129,161.8057,2025-11-12 14:18:56.840
786,25.2193,3410.1744,161.0089,2025-11-12 14:18:56.850
787,25.2133,3425.7465,161.2534,2025-11-12 14:18:56.860
788,25.1907,3417.7813,161.4998,2025-11-12 14:18:56.870
789,25.226,3412.1694,162.1282,2025-11-12 14:18:56.880
790,25.179,3424.1159,161.556,2025-11-12 14:18:56.890
791,25.1997,3439.0403,161.9573,2025-11-12 14:18:56.900
792,25.2054,3411.3321,161.1747,2025-11-12 14:18:56.910
793,25.2103,3416.4565,161.6789,2025-11-12 14:18:56.920
794,25.2054,3414.8811,161.6353,2025-11-12 14:18:56.930
795,25.1858,3444.7716,161.8048,2025-11-12 14:18:56.940
796,25.1923,3395.6641,161.5907,2025-11-12 14:18:56.950
797,25.2103,3424.5685,161.7909,2025-11-12 14:18:56.960
798,25.1774,3445.1733,161.604,2025-11-12 14:18:56.970
799,25.1902,3417.6935,160.7703,2025-11-12 14:18:56.980
800,25.1944,3430.7722,160.5739,2025-11-12 14:18:56.990
801,25.217,3415.2094,161.039,2025-11-12 14:18:57.000
802,25.2094,3420.5754,161.5748,2025-11-12 14:18:57.010
803,25.1967,3399.5471,160.3776,2025-11-12 14:18:57.020
804,25.1852,3428.8867,161.3702,2025-11-12 14:18:57.030
805,25.1972,3434.333,161.5205,2025-11-12 14:18:57.040
806,25.2014,3416.441,161.6946,2025-11-12 14:18:57.050
807,25.2049,3433.4709,161.5951,2025-11-12 14:18:57.060
808,25.2194,3430.725,159.9106,2025-11-12 14:18:57.070
809,25.2089,3416.4819,162.158,2025-11-12 14:18:57.080
810,25.2071,3430.7937,161.402,2025-11-12 14:18:57.090
811,25.1752,3450.1959,161.9326,2025-11-12 14:18:57.100
812,25.2156,3412.668,161.7403,2025-11-12 14:18:57.110
813,25.212,3421.8328,161.1058,2025-11-12 14:18:57.120
814,25.1856,3420.6701,161.8252,2025-11-12 14:18:57.130
815,25.2407,3423.1543,161.5026,2025-11-12 14:18:57.140
816,25.194,3409.4474,161.5895,2025-11-12 14:18:57.150
817,25.1922,3425.6383,160.9723,2025-11-12 14:18:57.160
818,25.173,3431.8094,160.915,2025-11-12 14:18:57.170
819,25.2174,3425.7844,162.1514,2025-11-12 14:18:57.180
820,25.2203,3433.316,162.1849,2025-11-12 14:18:57.190
821,25.1716,3420.4737,162.2589,2025-11-12 14:18:57.200
822,25.2112,3407.2599,160.8812,2025-11-12 14:18:57.210
823,25.2023,3404.043,162.1341,2025-11-12 14:18:57.220
824,25.2399,3419.8678,161.6787,2025-11-12 14:18:57.230
825,25.2056,3447.7133,161.2807,2025-11-12 14:18:57.240
826,25.2006,3402.6291,160.5536,2025-11-12 14:18:57.250
827,25.1934,3428.9061,161.6259,2025-11-12 14:18:57.260
828,25.1735,3436.1688,161.4736,2025-11-12 14:18:57.270
829,25.2218,3396.7651,161.7392,2025-11-12 14:18:57.280
830,25.1842,3427.7009,161.3163,2025-11-12 14:18:57.290
831,25.1929,3410.4882,160.6703,2025-11-12 14:18:57.300
832,25.2031,3427.8903,162.1602,2025-11-12 14:18:57.310
833,25.1613,3427.6882,161.4946,2025-11-12 14:18:57.320
834,25.1963,3389.3418,161.8638,2025-11-12 14:18:57.330
835,25.2205,3415.0328,161.4958,2025-11-12 14:18:57.340
836,25.2317,3416.2274,162.1898,2025-11-12 14:18:57.350
837,25.2148,3425.0984,160.8718,2025-11-12 14:18:57.360
838,25.2127,3412.9857,162.2239,2025-11-12 14:18:57.370
839,25.1684,3430.2951,160.8726,2025-11-12 14:18:57.380
840,25.2143,3412.4644,161.436,2025-11-12 14:18:57.390
841,25.2012,3389.3416,161.5738,2025-11-12 14:18:57.400
842,25.216,3429.8649,161.0288,2025-11-12 14:18:57.410
843,25.1839,3424.3642,161.6957,2025-11-12 14:18:57.420
844,25.2095,3423.2535,162.187,2025-11-12 14:18:57.430
845,25.1898,3397.9563,161.266,2025-11-12 14:18:57.440
846,25.1886,3401.9461,161.3696,2025-11-12 14:18:57.450
847,25.1893,3422.3737,161.7583,2025-11-12 14:18:57.460
848,25.2015,3417.5027,161.238,2025-11-12 14:18:57.470
849,25.1875,3427.6684,160.8138,2025-11-12 14:18:57.480
850,25.1858,3427.6786,161.2881,2025-11-12 14:18:57.490
851,25.1927,3412.4833,161.52,2025-11-12 14:18:57.500
852,25.1927,3421.6086,160.6133,2025-11-12 14:18:57.510
853,25.1858,3406.2949,161.3586,2025-11-12 14:18:57.520
854,25.2128,3427.062,162.6085,2025-11-12 14:18:57.530
855,25.21,3439.5718,161.6291,2025-11-12 14:18:57.540
856,25.1871,3442.6868,161.3009,2025-11-12 14:18:57.550
857,25.2065,3444.4659,161.7884,2025-11-12 14:18:57.560
858,25.2023,3418.2772,161.3195,2025-11-12 14:18:57.570
859,25.1897,3436.2728,161.7677,2025-11-12 14:18:57.580
860,25.2059,3438.2165,162.315,2025-11-12 14:18:57.590
861,25.1899,3432.7553,161.2296,2025-11-12 14:18:57.600
862,25.1633,3402.2315,161.2959,2025-11-12 14:18:57.610
863,25.2007,3439.361,161.5754,2025-11-12 14:18:57.620
864,25.1842,3425.0919,160.6639,2025-11-12 14:18:57.630
865,25.198,3441.9415,162.4598,2025-11-12 14:18:57.640
866,25.1945,3424.2785,161.9309,2025-11-12 14:18:57.650
867,25.172,3421.2561,160.7833,2025-11-12 14:18:57.660
868,25.1533,3438.9675,161.2471,2025-11-12 14:18:57.670
869,25.2259,3427.2386,160.4535,2025-11-12 14:18:57.680
870,25.1961,3431.261,160.6141,2025-11-12 14:18:57.690
871,25.2372,3397.4331,161.6307,2025-11-12 14:18:57.700
872,25.1984,3413.8879,161.3347,2025-11-12 14:18:57.710
873,25.2289,3433.2399,162.1916,2025-11-12 14:18:57.720
874,25.2202,3434.9064,162.1323,2025-11-12 14:18:57.730
875,25.1843,3443.7646,161.6489,2025-11-12 14:18:57.740
876,25.1864,3403.4017,161.3637,2025-11-12 14:18:57.750
877,25.1802,3416.5958,161.0637,2025-11-12 14:18:57.760
878,25.1736,3420.1479,161.6134,2025-11-12 14:18:57.770
879,25.2225,3415.7998,161.898,2025-11-12 14:18:57.780
880,25.1921,3408.4291,161.6987,2025-11-12 14:18:57.790
881,25.2044,3419.1326,162.0087,2025-11-12 14:18:57.800
882,25.2084,3427.6057,161.1279,2025-11-12 14:18:57.810
883,25.1985,3430.511,160.8316,2025-11-12 14:18:57.820
884,25.1772,3440.9669,161.8885,2025-11-12 14:18:57.830
885,25.1774,3436.8828,161.7528,2025-11-12 14:18:57.840
