id,temperatura,presion,altura,timestamp,vuelo
1,25.077729384506476,82.02906582424109,160.31799567241794,2025-11-26 04:32:49.890556,1
2,25.071779277005273,82.02220450019334,160.58350789496646,2025-11-26 04:32:49.990556,1
3,25.025715134680638,81.93705508669606,161.06022028385854,2025-11-26 04:32:50.090556,1
4,25.019544543810113,81.8853375338686,160.72954595951347,2025-11-26 04:32:50.190556,1
5,24.99046983506235,81.92403418725466,160.8993050056278,2025-11-26 04:32:50.290556,1
6,24.96442400950379,81.91037815897988,160.93099166803594,2025-11-26 04:32:50.390556,1
7,25.028438915685346,81.995838824349,160.68670069680917,2025-11-26 04:32:50.490556,1
8,24.93573484354407,82.01249338048817,160.82609631591973,2025-11-26 04:32:50.590556,1
9,24.92619847571459,82.16477421978004,160.71162192000614,2025-11-26 04:32:50.690556,1
10,24.969767025434276,82.16998268975128,160.47771001029423,2025-11-26 04:32:50.790556,1
11,24.915318037274883,81.86301863927676,160.7657505849798,2025-11-26 04:32:50.890556,1
12,24.987146783076287,81.89582009891947,160.1711019104477,2025-11-26 04:32:50.990556,1
13,24.908286735740226,81.86202697366147,161.2063283517204,2025-11-26 04:32:51.090556,1
14,24.822987260715816,81.9518301181775,160.58446666747423,2025-11-26 04:32:51.190556,1
15,24.74570513106071,81.86421356475927,160.98279182973067,2025-11-26 04:32:51.290556,1
16,24.871846591479144,81.82228515651799,160.89028134521732,2025-11-26 04:32:51.390556,1
17,25.048254770185157,81.80460277882138,161.13633928451128,2025-11-26 04:32:51.490556,1
18,25.109830711148103,81.80219700551075,160.4602463642417,2025-11-26 04:32:51.590556,1
19,25.058370690391694,81.46978454400073,160.58832910437962,2025-11-26 04:32:51.690556,1
20,24.999923776626023,81.4970669822761,160.96078733991615,2025-11-26 04:32:51.790556,1
21,25.03411072740472,81.78821624202814,159.9575677072268,2025-11-26 04:32:51.890556,1
22,25.059742963571352,81.69647256181729,160.91661769421876,2025-11-26 04:32:51.990556,1
23,25.103856876306065,81.83384762477336,161.122351446018,2025-11-26 04:32:52.090556,1
24,25.05526139582424,81.76150682093335,161.07395066067178,2025-11-26 04:32:52.190556,1
25,25.07355271868203,81.73167973805096,160.99154140209387,2025-11-26 04:32:52.290556,1
26,25.077769489974454,81.77371154322363,160.75340842569864,2025-11-26 04:32:52.390556,1
27,25.090559603211695,81.74946861358107,160.91408733021203,2025-11-26 04:32:52.490556,1
28,24.986335265931963,81.78647688851822,161.05123643201858,2025-11-26 04:32:52.590556,1
29,25.014131100122412,81.80638049586757,160.93715574845604,2025-11-26 04:32:52.690556,1
30,25.071013037814758,81.87974366687996,160.7676649226816,2025-11-26 04:32:52.790556,1
31,25.08073680893037,81.89716383403798,160.54834667325878,2025-11-26 04:32:52.890556,1
32,25.08494757392102,81.97503107359488,160.39912743945024,2025-11-26 04:32:52.990556,1
33,25.052698572013888,81.94630489437706,161.03746060749577,2025-11-26 04:32:53.090556,1
34,25.11218409741039,82.01067838595037,159.79613145461437,2025-11-26 04:32:53.190556,1
35,24.954219247068455,82.3065256429866,160.54311332853985,2025-11-26 04:32:53.290556,1
36,25.00373091825869,82.30487565636052,160.81629763117692,2025-11-26 04:32:53.390556,1
37,25.037555100256103,81.98061252673953,161.01051684981272,2025-11-26 04:32:53.490556,1
38,25.181017108522934,81.97200099328671,161.1460566852585,2025-11-26 04:32:53.590556,1
39,25.244917688163568,82.02756322718415,160.90377559631446,2025-11-26 04:32:53.690556,1
40,25.315737366037443,82.07621045704673,160.55035425649254,2025-11-26 04:32:53.790556,1
41,25.508850257919196,82.06831789127833,160.8626440819336,2025-11-26 04:32:53.890556,1
42,25.468775171257057,82.07715626259804,160.47391016576128,2025-11-26 04:32:53.990556,1
43,25.529450434495843,81.98953597614474,161.14130355067115,2025-11-26 04:32:54.090556,1
44,25.44243430874858,81.9620928534331,160.7339757723786,2025-11-26 04:32:54.190556,1
45,25.3233323272286,82.01733165152044,160.58871661073528,2025-11-26 04:32:54.290556,1
46,25.270166249308463,82.08065746771162,160.5906998233625,2025-11-26 04:32:54.390556,1
47,25.33437318779387,81.98223962082851,160.66295837158904,2025-11-26 04:32:54.490556,1
48,25.16363726967276,82.09204067198132,160.62630599864934,2025-11-26 04:32:54.590556,1
49,25.233042847741732,82.02455047446794,161.4777624469486,2025-11-26 04:32:54.690556,1
50,25.13550406777775,82.04080607364618,160.49272916098744,2025-11-26 04:32:54.790556,1
51,25.11488912493357,82.02392588927978,160.6423917056053,2025-11-26 04:32:54.890556,1
52,25.142571486896408,81.91487540611634,161.05651660201843,2025-11-26 04:32:54.990556,1
53,25.288924313234837,81.86523765215065,161.0237965632841,2025-11-26 04:32:55.090556,1
54,25.234792976534084,81.90339340321681,161.04952506180186,2025-11-26 04:32:55.190556,1
55,25.107862552307587,81.87001983907817,161.50210929849587,2025-11-26 04:32:55.290556,1
56,25.128960196204456,81.90771864087462,161.53550899609854,2025-11-26 04:32:55.390556,1
57,25.077711772554927,81.88727391633806,161.93503319225582,2025-11-26 04:32:55.490556,1
58,25.145967894952175,81.93390248522859,162.27562526727664,2025-11-26 04:32:55.590556,1
59,25.121553153033886,81.81781708817023,163.31373327760815,2025-11-26 04:32:55.690556,1
60,25.172207322529065,81.79181812538978,163.80652652729333,2025-11-26 04:32:55.790556,1
61,25.12951085538378,81.74525236239134,163.8976538612627,2025-11-26 04:32:55.890556,1
62,24.915836071865854,81.7057061072615,164.51577893796104,2025-11-26 04:32:55.990556,1
63,24.823473140390927,81.71559207929126,165.06716519414485,2025-11-26 04:32:56.090556,1
64,24.761161133645736,81.73115388370987,165.657856645133,2025-11-26 04:32:56.190556,1
65,24.821950501798504,81.6886649949896,166.40889620030964,2025-11-26 04:32:56.290556,1
66,24.829348435469765,81.63595443796915,167.82507489794543,2025-11-26 04:32:56.390556,1
67,24.851989205462765,81.5407821026336,168.15728464337053,2025-11-26 04:32:56.490556,1
68,24.808302216780067,81.50113361205858,168.37265790623132,2025-11-26 04:32:56.590556,1
69,24.814871908250428,81.48824399507312,169.56207442723368,2025-11-26 04:32:56.690556,1
70,24.870657367485617,81.5051031808059,170.13466123729984,2025-11-26 04:32:56.790556,1
71,24.81279332347804,81.38199438141167,171.27665795126993,2025-11-26 04:32:56.890556,1
72,24.812451123181116,81.37308506751006,171.91848603157675,2025-11-26 04:32:56.990556,1
73,24.620991221682335,81.2242220338714,173.14741248472012,2025-11-26 04:32:57.090556,1
74,24.62060342710777,81.2476675721798,174.08777485191138,2025-11-26 04:32:57.190556,1
75,24.539444805044837,81.14994116640904,175.07229289045176,2025-11-26 04:32:57.290556,1
76,24.53558159215539,81.1123281256749,175.4036799406204,2025-11-26 04:32:57.390556,1
77,24.528098979552624,81.12263592961004,176.10007221985256,2025-11-26 04:32:57.490556,1
78,24.525005156871764,81.0978801411992,177.15888050720542,2025-11-26 04:32:57.590556,1
79,24.44393550187305,80.99548007567887,178.19450073104383,2025-11-26 04:32:57.690556,1
80,24.455631048682683,80.94795024269696,178.9307272154073,2025-11-26 04:32:57.790556,1
81,24.43930611868624,80.98433653230595,179.7845048074815,2025-11-26 04:32:57.890556,1
82,24.408974427711048,80.93519579526061,180.8812655174743,2025-11-26 04:32:57.990556,1
83,24.515722223714455,80.80671163751343,181.7803426016445,2025-11-26 04:32:58.090556,1
84,24.469218272136665,80.91938900163755,181.79724627476912,2025-11-26 04:32:58.190556,1
85,24.377808284850055,80.92825292924276,181.91191345418727,2025-11-26 04:32:58.290556,1
86,24.34039891678842,80.85949234738277,182.36273325863263,2025-11-26 04:32:58.390556,1
87,24.41943774750678,80.75179850040749,182.1829877547337,2025-11-26 04:32:58.490556,1
88,24.33695016489308,80.68559837445223,182.36211897288223,2025-11-26 04:32:58.590556,1
89,24.47929296299338,80.63892922016328,182.57619693766216,2025-11-26 04:32:58.690556,1
90,24.53980695374438,80.67036941989186,182.0812969920765,2025-11-26 04:32:58.790556,1
91,24.49401291949117,80.60096608454083,182.53700396850104,2025-11-26 04:32:58.890556,1
92,24.557734748889914,80.67169841238366,181.5488122412716,2025-11-26 04:32:58.990556,1
93,24.64934630626348,80.70055776710467,181.24323103462604,2025-11-26 04:32:59.090556,1
94,24.62433894672736,80.87918204474025,180.6780104531853,2025-11-26 04:32:59.190556,1
95,24.565027081723056,80.95263879194054,180.5168377941123,2025-11-26 04:32:59.290556,1
96,24.57981117081263,81.024891888241,179.1738316936456,2025-11-26 04:32:59.390556,1
97,24.600908383452115,81.01455657813763,178.6885659569938,2025-11-26 04:32:59.490556,1
98,24.58861925476383,80.9527445361116,177.62338091333422,2025-11-26 04:32:59.590556,1
99,24.585703360297625,80.86351640825556,177.58818397884215,2025-11-26 04:32:59.690556,1
100,24.596025370186172,80.94761522684234,176.63745994268302,2025-11-26 04:32:59.790556,1
101,24.651962432972386,81.10753405310888,175.32074721643886,2025-11-26 04:32:59.890556,1
102,24.693054715344534,81.17610327263137,175.33846638268676,2025-11-26 04:32:59.990556,1
103,24.835068782470735,81.18905623876235,174.31174690585814,2025-11-26 04:33:00.090556,1
104,24.88358191138216,81.23442414784067,173.34646543819022,2025-11-26 04:33:00.190556,1
105,24.848149350314397,81.29793814614945,172.61986753932493,2025-11-26 04:33:00.290556,1
106,24.870564946710026,81.26906027767023,172.13040410989268,2025-11-26 04:33:00.390556,1
107,24.807062605992016,81.36485789846992,171.27076432867338,2025-11-26 04:33:00.490556,1
108,24.784436368006446,81.39169895215247,171.3120444014718,2025-11-26 04:33:00.590556,1
109,24.774468182974935,81.49445247820081,170.43376743090948,2025-11-26 04:33:00.690556,1
110,24.86486572214259,81.56504224690539,170.07971744698398,2025-11-26 04:33:00.790556,1
111,24.610529992463242,81.65179955738304,169.28212390086725,2025-11-26 04:33:00.890556,1
112,24.594634864233488,81.68028909666985,167.79521337015086,2025-11-26 04:33:00.990556,1
113,24.66016637215005,81.57901309855593,168.02391462983616,2025-11-26 04:33:01.090556,1
114,24.77158153175319,81.66849077828003,166.88947082927666,2025-11-26 04:33:01.190556,1
115,24.78936995071294,81.62320207472276,166.80699832130333,2025-11-26 04:33:01.290556,1
116,24.963539809472522,81.54706444995107,167.43617118659245,2025-11-26 04:33:01.390556,1
117,24.830105509840703,81.6132707649728,166.73508621450276,2025-11-26 04:33:01.490556,1
118,24.85693722882033,81.61480933792582,166.62487070916058,2025-11-26 04:33:01.590556,1
119,24.88106155745405,81.64350575634967,166.753763271123,2025-11-26 04:33:01.690556,1
120,25.009626484965636,81.75108795512116,166.60427747570088,2025-11-26 04:33:01.790556,1
121,24.987373692115003,81.75448428056626,166.26461005316222,2025-11-26 04:33:01.890556,1
122,24.92212895887028,81.71219773554951,166.10369429912117,2025-11-26 04:33:01.990556,1
123,24.9107982340823,81.72265540039017,166.09124456360962,2025-11-26 04:33:02.090556,1
124,24.894523852078418,81.75366069937054,165.64855813524224,2025-11-26 04:33:02.190556,1
125,24.879558777808167,81.86822234793082,165.2408088674278,2025-11-26 04:33:02.290556,1
126,24.8098280049113,81.8955620976632,165.33921827729415,2025-11-26 04:33:02.390556,1
127,24.92819069465402,81.90504848051306,164.9623633111536,2025-11-26 04:33:02.490556,1
128,24.97648999104808,81.86627868841195,164.94521723665034,2025-11-26 04:33:02.590556,1
129,25.000978224603784,81.88889498119886,165.6276368760794,2025-11-26 04:33:02.690556,1
130,24.90494618262434,81.88487983409168,164.82631202200676,2025-11-26 04:33:02.790556,1
131,24.865085742353383,81.83064049048541,164.42192008286153,2025-11-26 04:33:02.890556,1
132,24.86886701881001,81.69167129277909,164.8692884558148,2025-11-26 04:33:02.990556,1
133,24.929268643688243,81.78759134561906,164.18863754933147,2025-11-26 04:33:03.090556,1
134,24.99530354695719,81.75336278503453,164.88176667461389,2025-11-26 04:33:03.190556,1
135,25.04472999433577,81.83033144150946,164.15008165515476,2025-11-26 04:33:03.290556,1
136,24.91517071075485,81.79340794172526,164.1983334811173,2025-11-26 04:33:03.390556,1
137,24.93528708124888,81.74909194931075,164.1378219165205,2025-11-26 04:33:03.490556,1
138,24.84552763202962,81.72778043900655,164.19344298648355,2025-11-26 04:33:03.590556,1
139,24.809305194379434,81.73878708016292,163.93239925960023,2025-11-26 04:33:03.690556,1
140,24.77861030970346,81.71043076875914,163.59005266269187,2025-11-26 04:33:03.790556,1
141,24.88094536054441,81.81288133278393,163.38273663306708,2025-11-26 04:33:03.890556,1
142,24.835776398425512,81.88176090798423,163.32953101420458,2025-11-26 04:33:03.990556,1
143,24.81696051068718,82.03632717389767,162.9441786815959,2025-11-26 04:33:04.090556,1
144,24.843582127170105,82.03405209250023,162.73917177252068,2025-11-26 04:33:04.190556,1
145,24.900674054782925,82.04267432166834,162.8412302553172,2025-11-26 04:33:04.290556,1
146,24.88160164825234,82.07852485191378,162.83052302954874,2025-11-26 04:33:04.390556,1
147,24.799912815802873,82.09894870464885,162.3477930801452,2025-11-26 04:33:04.490556,1
148,24.842764635348598,82.12022581849564,162.61030448518872,2025-11-26 04:33:04.590556,1
149,24.867147299682596,82.13807773774431,161.812930015255,2025-11-26 04:33:04.690556,1
150,24.870139237721407,82.07934149985961,161.6271921468282,2025-11-26 04:33:04.790556,1
151,24.942462039391433,82.05786043535062,161.71227044204215,2025-11-26 04:33:04.890556,1
152,24.86477840105611,82.0918562783841,161.4265754512971,2025-11-26 04:33:04.990556,1
153,24.857900542946997,82.10503979635052,161.2966041060942,2025-11-26 04:33:05.090556,1
154,24.917471538294297,82.01351402713607,161.4037112906609,2025-11-26 04:33:05.190556,1
155,24.812368277531323,81.98210259564117,161.12374146177487,2025-11-26 04:33:05.290556,1
156,24.739978731711425,82.00390709371918,161.1043961545351,2025-11-26 04:33:05.390556,1
157,24.85858873831481,81.98527313176494,161.07106869636485,2025-11-26 04:33:05.490556,1
158,24.788575907681274,81.9944043660049,160.9537856406032,2025-11-26 04:33:05.590556,1
159,24.792257874771817,82.03345318019336,160.95144662834116,2025-11-26 04:33:05.690556,1
160,24.84505135038472,81.9838639305107,160.61499940506414,2025-11-26 04:33:05.790556,1
161,24.957690303431068,82.01149656002326,160.28102107065274,2025-11-26 04:33:05.890556,1
162,25.039971540490566,81.98029675995932,160.6755894414372,2025-11-26 04:33:05.990556,1
163,25.00319862253677,81.96637048881252,160.49002108193417,2025-11-26 04:33:06.090556,1
164,25.0952265271168,81.9690671778586,160.87372550037006,2025-11-26 04:33:06.190556,1
165,25.14917719867961,81.88377162126096,160.95271389251636,2025-11-26 04:33:06.290556,1
166,25.056876259454224,81.9322547358637,161.10543830185907,2025-11-26 04:33:06.390556,1
167,25.01178510683601,81.92800603035656,160.91103024452784,2025-11-26 04:33:06.490556,1
168,25.080967780337065,81.95230884402162,160.74137841721483,2025-11-26 04:33:06.590556,1
169,24.99051056277885,81.98393933373826,160.2036764766243,2025-11-26 04:33:06.690556,1
170,25.037374177508266,81.93411799511046,160.7141373797918,2025-11-26 04:33:06.790556,1
171,25.031223594930164,81.96862849468427,160.88359013046068,2025-11-26 04:33:06.890556,1
172,24.96351461360742,81.93088568261653,160.42340121990233,2025-11-26 04:33:06.990556,1
173,24.905549665003196,81.89186747322151,160.89667715947073,2025-11-26 04:33:07.090556,1
174,24.9677744417375,81.91746361901156,160.52362295782868,2025-11-26 04:33:07.190556,1
175,24.881078859572852,81.92043638385194,160.9027184378769,2025-11-26 04:33:07.290556,1
176,24.93229313639818,81.9811169401683,161.0918321251483,2025-11-26 04:33:07.390556,1
177,24.989455707899637,82.03667706278647,160.61310698091654,2025-11-26 04:33:07.490556,1
178,24.995492038615588,82.07564275205077,161.13110625065423,2025-11-26 04:33:07.590556,1
179,24.943543549409664,82.07622155168887,160.3440888833081,2025-11-26 04:33:12.590556,2
180,24.88791425036829,82.05742963774267,160.62287671698405,2025-11-26 04:33:12.690556,2
181,24.922066719199435,82.098082844702,161.12342472532075,2025-11-26 04:33:12.790556,2
182,24.759415920169523,82.10510454232741,160.77621668475842,2025-11-26 04:33:12.890556,2
183,24.74852780632471,82.08796250937434,160.9544636831785,2025-11-26 04:33:12.990556,2
184,24.71767140039854,82.06511297466442,160.98773467870703,2025-11-26 04:33:13.090556,2
185,24.75330109173624,82.09587935490553,160.73122915891892,2025-11-26 04:33:13.190556,2
186,24.834560740727667,82.1316850395218,160.87759455898498,2025-11-26 04:33:13.290556,2
187,24.9394301053974,82.11159718691728,160.75739644327572,2025-11-26 04:33:13.390556,2
188,24.91078929364899,82.07232927733986,160.5117889380782,2025-11-26 04:33:13.490556,2
189,24.952409806328276,82.10441200690084,160.81423154149806,2025-11-26 04:33:13.590556,2
190,24.969332917213166,82.0767005185326,160.18985043323937,2025-11-26 04:33:13.690556,2
191,24.953043806460084,81.99507534003276,161.2768381965757,2025-11-26 04:33:13.790556,2
192,24.92189569683944,82.03783650743786,160.6238834281172,2025-11-26 04:33:13.890556,2
193,24.901504034775424,82.01898056808442,161.04212484848648,2025-11-26 04:33:13.990556,2
194,24.98384473204732,81.95213277678266,160.94498883974745,2025-11-26 04:33:14.090556,2
195,24.942237786158582,81.97867666115438,161.20334967600613,2025-11-26 04:33:14.190556,2
196,25.01748818389418,81.99325742581813,160.49345210972305,2025-11-26 04:33:14.290556,2
197,25.05467726028197,81.9061609375757,160.6279389868679,2025-11-26 04:33:14.390556,2
198,25.030322287556135,82.14739301335807,161.01902013418123,2025-11-26 04:33:14.490556,2
199,25.024167842015434,82.18710288927807,159.9656395198574,2025-11-26 04:33:14.590556,2
200,25.030271799826636,81.89828235507738,160.97264200619898,2025-11-26 04:33:14.690556,2
201,24.984693419971112,81.96883132623978,161.1886624455882,2025-11-26 04:33:14.790556,2
202,24.9138843004806,81.96530815755759,161.13784162097465,2025-11-26 04:33:14.890556,2
203,24.878731166410084,82.02133066262114,161.05131189946786,2025-11-26 04:33:14.990556,2
204,24.923604717375387,82.0573371131074,160.80127227425285,2025-11-26 04:33:15.090556,2
205,24.956384060023744,82.03833148268362,160.9699851239919,2025-11-26 04:33:15.190556,2
206,25.106407320401903,81.99483540425469,161.1139916808888,2025-11-26 04:33:15.290556,2
207,25.087244671493053,82.02197380474776,160.99420696314812,2025-11-26 04:33:15.390556,2
208,24.982605789357194,82.04640633157919,160.81624159608498,2025-11-26 04:33:15.490556,2
209,25.036435941412968,82.04253399757278,160.585957434191,2025-11-26 04:33:15.590556,2
210,24.992580361630143,82.08652951202045,160.42927723869204,2025-11-26 04:33:15.690556,2
211,25.02341268312903,81.95394548578574,161.09952706513985,2025-11-26 04:33:15.790556,2
212,25.13723926922973,81.96944487903565,159.79613145461437,2025-11-26 04:33:15.890556,2
213,25.19787990118209,81.9725679872387,160.5804624222361,2025-11-26 04:33:15.990556,2
214,25.160408186461453,81.94691063774822,160.86730594000505,2025-11-26 04:33:16.090556,2
215,25.112969867616787,81.97168205121093,161.07123611957263,2025-11-26 04:33:16.190556,2
216,25.042781654085015,81.976964956319,161.21355294679068,2025-11-26 04:33:16.290556,2
217,25.14308179180953,82.0121923572298,160.95915780339948,2025-11-26 04:33:16.390556,2
218,25.171974117290304,82.06353775240589,160.58806539658644,2025-11-26 04:33:16.490556,2
219,25.205978487793573,82.01552803493232,160.91596971329957,2025-11-26 04:33:16.590556,2
220,25.356153243962563,82.04531058804498,160.50779910131862,2025-11-26 04:33:16.690556,2
221,25.26864418271627,82.08274580297929,161.208562155474,2025-11-26 04:33:16.790556,2
222,25.293551893795872,82.1060097748666,160.78086798826683,2025-11-26 04:33:16.890556,2
223,25.32741273587308,82.03389219367425,160.62834586854132,2025-11-26 04:33:16.990556,2
224,25.464735136539264,82.03938636152297,160.63042824179993,2025-11-26 04:33:17.090556,2
225,25.413182994057237,81.9479755681399,160.7062997174378,2025-11-26 04:33:17.190556,2
226,25.357624386550025,81.93770130306905,160.6678147258511,2025-11-26 04:33:17.290556,2
227,25.293339343554678,81.86747983957127,161.5618439965653,2025-11-26 04:33:17.390556,2
228,25.326510089277434,81.93493734523767,160.5275590463061,2025-11-26 04:33:17.490556,2
229,25.164555941988088,82.02736298292167,160.68470471815485,2025-11-26 04:33:17.590556,2
230,25.236556644159684,82.01514093284561,161.11953585938863,2025-11-26 04:33:17.690556,2
231,25.145073233914662,82.06879168074282,161.0851798187176,2025-11-26 04:33:17.790556,2
232,25.16318149101919,82.11694350910341,161.11219474216122,2025-11-26 04:33:17.890556,2
233,25.068115976368848,82.0851269447179,161.58740819068993,2025-11-26 04:33:17.990556,2
234,24.99185005007669,82.04758866309018,161.62247787317276,2025-11-26 04:33:18.090556,2
235,24.880545381147318,82.09823166093943,162.04197827913788,2025-11-26 04:33:18.190556,2
236,24.860859535870237,82.16087958314098,162.39959995790974,2025-11-26 04:33:18.290556,2
237,24.80691592280104,81.9922692090535,163.48961336875783,2025-11-26 04:33:18.390556,2
238,24.845280799523977,81.9426459527736,164.00704628092728,2025-11-26 04:33:18.490556,2
239,24.745813527974995,81.97397157745968,164.10272998159513,2025-11-26 04:33:18.590556,2
240,24.66446857833253,81.96755885167903,164.75176131212837,2025-11-26 04:33:18.690556,2
241,24.620568126561928,81.8946795398067,165.33071688112136,2025-11-26 04:33:18.790556,2
242,24.620438525184596,81.91664632346513,165.95094290465892,2025-11-26 04:33:18.890556,2
243,24.68214261314823,81.92188961746398,166.73953443759441,2025-11-26 04:33:18.990556,2
244,24.634775092971314,81.79592432686923,168.22652207011197,2025-11-26 04:33:19.090556,2
245,24.704453217835383,81.75756607338535,168.57534230280834,2025-11-26 04:33:19.190556,2
246,24.771983055922224,81.64642765888038,168.80148422881217,2025-11-26 04:33:19.290556,2
247,24.703695021693587,81.58250548604123,170.05037157586466,2025-11-26 04:33:19.390556,2
248,24.673285882668882,81.5471019684459,170.65158772643412,2025-11-26 04:33:19.490556,2
249,24.695106034613858,81.48285707678225,171.8506842761027,2025-11-26 04:33:19.590556,2
250,24.63635639930188,81.47929656390755,172.52460376042487,2025-11-26 04:33:19.690556,2
251,24.768381939681134,81.34080273251597,173.8149765362254,2025-11-26 04:33:19.790556,2
252,24.822002082738788,81.25516671713495,174.80235702177623,2025-11-26 04:33:19.890556,2
253,24.702924826357833,81.20512506633058,175.83610096224362,2025-11-26 04:33:19.990556,2
254,24.540918344307347,81.17056365389843,176.1840573649207,2025-11-26 04:33:20.090556,2
255,24.473816768291343,81.01727375494222,176.91526925811448,2025-11-26 04:33:20.190556,2
256,24.57629464548285,81.0309607758768,178.02701795983498,2025-11-26 04:33:20.290556,2
257,24.549040877482096,81.02660158234963,179.11441919486532,2025-11-26 04:33:20.390556,2
258,24.46472723049109,80.91955233059143,179.88745700344694,2025-11-26 04:33:20.490556,2
259,24.460693571653287,80.91202420773737,180.78392347512488,2025-11-26 04:33:20.590556,2
260,24.45609519061572,80.87199557322813,181.93552222061732,2025-11-26 04:33:20.690556,2
261,24.519945840468576,80.84717246451561,182.879553158996,2025-11-26 04:33:20.790556,2
262,24.497979261449895,80.81797135069205,182.89730201577686,2025-11-26 04:33:20.890556,2
263,24.67305885360777,80.83888044057636,183.0177025541659,2025-11-26 04:33:20.990556,2
264,24.717346781157918,80.77076525976678,183.49106334883353,2025-11-26 04:33:21.090556,2
265,24.637800019817625,80.76676448532702,183.30233056973967,2025-11-26 04:33:21.190556,2
266,24.555224887457772,80.79532359114287,183.49041834879563,2025-11-26 04:33:21.290556,2
267,24.599379326062223,80.8383260819548,183.71520021181456,2025-11-26 04:33:21.390556,2
268,24.563800731376986,80.94328009688078,183.1955552689496,2025-11-26 04:33:21.490556,2
269,24.50015237855455,81.00931981147214,183.67404759419537,2025-11-26 04:33:21.590556,2
270,24.541626722910472,80.92030477100184,182.63644628060447,2025-11-26 04:33:21.690556,2
271,24.613471314409182,80.91229942001836,182.3155860136266,2025-11-26 04:33:21.790556,2
272,24.627077537424615,80.8961861377776,181.72210440311383,2025-11-26 04:33:21.890556,2
273,24.64086410217542,80.89320560419547,181.5528731110872,2025-11-26 04:33:21.990556,2
274,24.546767883333676,80.95536155149209,180.14271670559717,2025-11-26 04:33:22.090556,2
275,24.503626656975435,80.95222912362347,179.63318768211278,2025-11-26 04:33:22.190556,2
276,24.40934611418836,81.06709069204057,178.5147433862702,2025-11-26 04:33:22.290556,2
277,24.317013259253432,81.10984885567291,178.47778660505355,2025-11-26 04:33:22.390556,2
278,24.44633077561274,81.11529110874596,177.47952636708646,2025-11-26 04:33:22.490556,2
279,24.51294484331362,81.11808517233204,176.0969780045301,2025-11-26 04:33:22.590556,2
280,24.49722111632465,81.1841432327685,176.1155831290904,2025-11-26 04:33:22.690556,2
281,24.43575480438174,81.26070008659175,175.03752767842033,2025-11-26 04:33:22.790556,2
282,24.466925640556493,81.44883546215493,174.02398213736902,2025-11-26 04:33:22.890556,2
283,24.440372080206597,81.46039619480688,173.26105434356046,2025-11-26 04:33:22.990556,2
284,24.49887923482088,81.49684485868717,172.7471177426566,2025-11-26 04:33:23.090556,2
285,24.51131049697272,81.49752214582604,171.84449597237634,2025-11-26 04:33:23.190556,2
286,24.57637205010384,81.55379285664354,171.88784004881467,2025-11-26 04:33:23.290556,2
287,24.534570061934314,81.55136817341703,170.96564922972425,2025-11-26 04:33:23.390556,2
288,24.42964020009454,81.64204185669729,170.59389674660247,2025-11-26 04:33:23.490556,2
289,24.197418426867667,81.75820557712035,169.7564235231799,2025-11-26 04:33:23.590556,2
290,24.24115988721299,81.77967441076643,168.19516746592768,2025-11-26 04:33:23.690556,2
291,24.25707671167439,81.73111103862362,168.43530378859725,2025-11-26 04:33:23.790556,2
292,24.24732581393861,81.69506834037364,167.24413779800977,2025-11-26 04:33:23.890556,2
293,24.22140463769525,81.71159399395782,167.15754166463776,2025-11-26 04:33:23.990556,2
294,24.439788446515827,81.66827095879707,167.81817317319135,2025-11-26 04:33:24.090556,2
295,24.34554278781596,81.69838293837391,167.08203395249717,2025-11-26 04:33:24.190556,2
296,24.41855709864215,81.75707795880662,166.96630767188788,2025-11-26 04:33:24.290556,2
297,24.413229612369157,81.78541721496983,167.10164486194844,2025-11-26 04:33:24.390556,2
298,24.43727500514983,81.77327471834094,166.9446847767552,2025-11-26 04:33:24.490556,2
299,24.46138964998821,81.8665218169359,166.58803398308962,2025-11-26 04:33:24.590556,2
300,24.590351592990636,81.84706278731394,166.41907244134651,2025-11-26 04:33:24.690556,2
301,24.552540258775956,81.73132519956576,166.4060002190594,2025-11-26 04:33:24.790556,2
302,24.4735237701285,81.79525917916428,165.94117946927364,2025-11-26 04:33:24.890556,2
303,24.590958535243587,81.71663152355835,165.51304273806846,2025-11-26 04:33:24.990556,2
304,24.712450507650452,81.72480313834184,165.61637261842813,2025-11-26 04:33:25.090556,2
305,24.690336486289088,81.80805926251455,165.22067490398058,2025-11-26 04:33:25.190556,2
306,24.63338397145987,81.79795594702007,165.20267152575212,2025-11-26 04:33:25.290556,2
307,24.685700650535175,81.67897972620634,165.91921214715265,2025-11-26 04:33:25.390556,2
308,24.736922809195796,81.68581055452574,165.07782105037637,2025-11-26 04:33:25.490556,2
309,24.821484189380502,81.69842246599332,164.6532095142739,2025-11-26 04:33:25.590556,2
310,24.83736366345061,81.73260631859745,165.12294630587482,2025-11-26 04:33:25.690556,2
311,24.78536959018158,81.84465914770648,164.40826285406732,2025-11-26 04:33:25.790556,2
312,24.760179198499056,81.74799999016716,165.13604843561387,2025-11-26 04:33:25.890556,2
313,24.75988609222966,81.69916098163083,164.3677791651818,2025-11-26 04:33:25.990556,2
314,24.725773589412313,81.64221744092356,164.41844358244242,2025-11-26 04:33:26.090556,2
315,24.812730404583945,81.67182024339161,164.3549064396158,2025-11-26 04:33:26.190556,2
316,24.78884761745144,81.7716283399536,164.413308563077,2025-11-26 04:33:26.290556,2
317,24.912635092004944,81.78765754456543,164.13921264984953,2025-11-26 04:33:26.390556,2
318,24.820663412763174,81.85520570212839,163.77974872309574,2025-11-26 04:33:26.490556,2
319,24.709054243040136,81.82211449110649,163.56206689198973,2025-11-26 04:33:26.590556,2
320,24.64917102089883,81.85155790240168,163.5062009921841,2025-11-26 04:33:26.690556,2
321,24.72651634598351,81.9903014754651,163.10158104294499,2025-11-26 04:33:26.790556,2
322,24.75282715423664,81.96209072188115,162.886323788416,2025-11-26 04:33:26.890556,2
323,24.786060581860323,81.88935488706036,162.99348519535235,2025-11-26 04:33:26.990556,2
324,24.75301431580955,81.9524723325773,162.98224260829545,2025-11-26 04:33:27.090556,2
325,24.83422613061605,81.96786932124706,162.47537616142176,2025-11-26 04:33:27.190556,2
326,24.840786210424962,82.00585812787175,162.75101313671743,2025-11-26 04:33:27.290556,2
327,24.871820818042583,82.01919565721623,161.91376994328704,2025-11-26 04:33:27.390556,2
328,25.036498482963445,81.99530062649481,161.7187451814389,2025-11-26 04:33:27.490556,2
329,24.970354898061274,82.02935314907648,161.80807739141355,2025-11-26 04:33:27.590556,2
330,24.988230059706925,82.42543129303165,161.50809765113124,2025-11-26 04:33:27.690556,2
331,24.971975340870156,82.50856441760773,161.3716277386682,2025-11-26 04:33:27.790556,2
332,24.95987298822972,82.22578636704853,161.48409028246323,2025-11-26 04:33:27.890556,2
333,24.933213847143325,82.27786965077759,161.1901219621329,2025-11-26 04:33:27.990556,2
334,24.98151732175475,82.28923715347655,161.16980938953114,2025-11-26 04:33:28.090556,2
335,25.045787552274394,82.21757286693668,161.13481555845237,2025-11-26 04:33:28.190556,2
336,25.11141652949295,82.22871399622886,161.01166834990264,2025-11-26 04:33:28.290556,2
337,25.17311666769957,82.18855016666933,161.0092123870275,2025-11-26 04:33:28.390556,2
338,25.279695275724237,82.21843163342251,160.65594280258662,2025-11-26 04:33:28.490556,2
339,25.295980891575528,82.13599931156108,160.30526555145465,2025-11-26 04:33:28.590556,2
340,25.25451618365652,82.4968264794857,160.71956234077834,2025-11-26 04:33:28.690556,2
341,25.186496060248835,82.48057975562271,160.52471556330016,2025-11-26 04:33:28.790556,2
342,25.2281945589021,82.11599524344416,160.92760520265784,2025-11-26 04:33:28.890556,2
343,25.263276059754944,82.04104093661485,161.01054301441147,2025-11-26 04:33:28.990556,2
344,25.18356745105108,82.08112312514059,161.1709036442213,2025-11-26 04:33:29.090556,2
345,25.209202559568915,82.04507362594063,160.9667751840235,2025-11-26 04:33:29.190556,2
346,25.220864744964654,82.1229079446131,160.78864076534487,2025-11-26 04:33:29.290556,2
347,25.1780545903883,82.12837553886835,160.2240537277248,2025-11-26 04:33:29.390556,2
348,25.207627595922183,82.09951774040762,160.76003767605067,2025-11-26 04:33:29.490556,2
349,25.19908455355054,82.10773454400227,160.93796306425298,2025-11-26 04:33:29.590556,2
350,25.184031008740455,82.13814017455361,160.45476470816672,2025-11-26 04:33:29.690556,2
351,25.121743596715564,82.13029320373325,160.95170444471356,2025-11-26 04:33:29.790556,2
352,25.278611308259556,82.16613285763648,160.5599975329894,2025-11-26 04:33:29.890556,2
353,25.34093296047083,82.03739648355331,160.95804778704002,2025-11-26 04:33:29.990556,2
354,25.403642444133897,82.09741634759078,161.156617158675,2025-11-26 04:33:30.090556,2
355,25.37497739518926,81.94571135698784,160.65395575723164,2025-11-26 04:33:30.190556,2
356,25.371115220566477,81.93681700345682,161.19785499045622,2025-11-26 04:33:30.290556,2
357,25.040572350122506,82.08440266808967,160.29190246152777,2025-11-26 04:33:35.290556,3
358,25.00631054336525,82.0690302748748,160.54413907294887,2025-11-26 04:33:35.390556,3
359,24.87915598290526,82.016211486693,160.99701584239634,2025-11-26 04:33:35.490556,3
360,24.97560215431021,82.04320840205845,160.68287523426852,2025-11-26 04:33:35.590556,3
361,24.88732380691257,82.0511371637181,160.84414632807713,2025-11-26 04:33:35.690556,3
362,24.95322647812043,82.09799836092303,160.87424865736486,2025-11-26 04:33:35.790556,3
363,24.986564857369764,82.17256915547011,160.64217223469942,2025-11-26 04:33:35.890556,3
364,24.86303259304482,82.08528742077104,160.77459807285447,2025-11-26 04:33:35.990556,3
365,24.871303091243927,82.0960577088519,160.66584739673655,2025-11-26 04:33:36.090556,3
366,25.013710497616483,82.11584089539105,160.44363108251025,2025-11-26 04:33:36.190556,3
367,25.088484864415783,82.11057304862648,160.71726962846154,2025-11-26 04:33:36.290556,3
368,25.110393751768413,82.13003303955666,160.15235338765604,2025-11-26 04:33:36.390556,3
369,25.019575687312116,82.0955143861111,161.1358185068651,2025-11-26 04:33:36.490556,3
370,25.001808480978273,82.09127244298821,160.54504990683125,2025-11-26 04:33:36.590556,3
371,25.001726051691097,82.0594005405866,160.92345881097486,2025-11-26 04:33:36.690556,3
372,25.067644549852414,82.01693480178513,160.83557385068718,2025-11-26 04:33:36.790556,3
373,25.037786649025072,81.97935371308736,161.06932889301643,2025-11-26 04:33:36.890556,3
374,25.02550673942138,82.02945240322504,160.42704061876034,2025-11-26 04:33:36.990556,3
375,25.024018863469667,82.05329362687814,160.54871922189136,2025-11-26 04:33:37.090556,3
376,25.0437975334912,81.99065392792504,160.90255454565107,2025-11-26 04:33:37.190556,3
377,25.023031008547086,82.10091133820532,159.94949589459617,2025-11-26 04:33:37.290556,3
378,24.864531272202765,82.07945634077599,160.86059338223853,2025-11-26 04:33:37.390556,3
379,25.02254407836325,82.07237248427793,161.0560404464478,2025-11-26 04:33:37.490556,3
380,25.10063154491538,82.0965277462871,161.0100597003689,2025-11-26 04:33:37.590556,3
381,25.04634597704781,82.1835423064617,160.93177090471988,2025-11-26 04:33:37.690556,3
382,24.99523193584161,82.11478997806127,160.70554457714442,2025-11-26 04:33:37.790556,3
383,25.104452841936478,82.09482389584967,160.85818953643215,2025-11-26 04:33:37.890556,3
384,25.06558569889976,82.0469317040639,160.98848118314837,2025-11-26 04:33:37.990556,3
385,25.030871415632834,82.05085063042,160.88010453376396,2025-11-26 04:33:38.090556,3
386,25.03850223002861,82.1086076663855,160.71908824927823,2025-11-26 04:33:38.190556,3
387,25.115830935985205,82.07305530486748,160.51073591232657,2025-11-26 04:33:38.290556,3
388,25.190528771513566,82.01536723630805,160.36897764020844,2025-11-26 04:33:38.390556,3
389,25.17040986304509,81.97239176082817,160.9753941498517,2025-11-26 04:33:38.490556,3
390,25.22047101898508,82.14586637517588,159.79613145461437,2025-11-26 04:33:38.590556,3
391,25.178452958822295,82.17290114023004,160.50576423484358,2025-11-26 04:33:38.690556,3
392,25.006639792971438,82.15244743360624,160.7652893223488,2025-11-26 04:33:38.790556,3
393,24.977876342278037,82.04776490213989,160.9497975800528,2025-11-26 04:33:38.890556,3
394,25.05754067680734,82.01233972865816,161.0785604237263,2025-11-26 04:33:38.990556,3
395,25.159829481911007,82.02435398968329,160.84839338922944,2025-11-26 04:33:39.090556,3
396,25.19142279409012,82.03662237231292,160.51264311639864,2025-11-26 04:33:39.190556,3
397,25.188373545246417,82.03221706699951,160.80931845056764,2025-11-26 04:33:39.290556,3
398,25.22159382992251,82.0983274417559,160.44002123020394,2025-11-26 04:33:39.390556,3
399,25.302144220757764,82.03842745687966,161.0740449458683,2025-11-26 04:33:39.490556,3
400,25.300381670001006,82.04469541856196,160.6870835564904,2025-11-26 04:33:39.590556,3
401,25.371215269650087,82.07539742836912,160.54908735292923,2025-11-26 04:33:39.690556,3
402,25.31858690934732,82.15683669385095,160.5509714049251,2025-11-26 04:33:39.790556,3
403,25.32564735445905,82.12669578240126,160.6196170257403,2025-11-26 04:33:39.890556,3
404,25.29027025753748,82.02107686746986,160.5847972714476,2025-11-26 04:33:39.990556,3
405,25.239811412201803,82.07314030304724,161.39368089733188,2025-11-26 04:33:40.090556,3
406,25.2749830332655,82.15825451584831,160.45789927566878,2025-11-26 04:33:40.190556,3
407,25.176760107120224,82.22620579798973,160.60007869305574,2025-11-26 04:33:40.290556,3
408,25.17681354453832,82.19338495453482,160.99349734464823,2025-11-26 04:33:40.390556,3
409,25.227125360492312,82.15491360686208,160.9624133078506,2025-11-26 04:33:40.490556,3
410,25.240954367402324,82.44146555203874,160.9868553814425,2025-11-26 04:33:40.590556,3
411,25.17770946626227,82.39769880900289,161.4168104063018,2025-11-26 04:33:40.690556,3
412,25.118353983065838,82.19387129304448,161.44854011902433,2025-11-26 04:33:40.790556,3
413,25.080313050817864,82.16798367837006,161.82808810537375,2025-11-26 04:33:40.890556,3
414,25.028576287729106,82.11847917725154,162.15165057664353,2025-11-26 04:33:40.990556,3
415,24.961072420591368,82.02995545310367,163.13785318645847,2025-11-26 04:33:41.090556,3
416,25.060916521977347,82.00594076000306,163.60600677365937,2025-11-26 04:33:41.190556,3
417,24.9416686359938,81.9281265656829,163.6925777409303,2025-11-26 04:33:41.290556,3
418,24.841479105459467,81.9699621315822,164.27979656379372,2025-11-26 04:33:41.390556,3
419,24.789776285924965,81.8878180926426,164.80361350716834,2025-11-26 04:33:41.490556,3
420,24.679888647971367,81.85435465836767,165.36477038560707,2025-11-26 04:33:41.590556,3
421,24.820411963537964,81.84953228258338,166.07825796302487,2025-11-26 04:33:41.690556,3
422,24.75843416725533,81.72717165037461,167.42362772577889,2025-11-26 04:33:41.790556,3
423,24.894466536658083,81.7670166731,167.73922698393272,2025-11-26 04:33:41.890556,3
424,24.73304419220292,81.77754108978165,167.94383158365048,2025-11-26 04:33:41.990556,3
425,24.745416711306333,81.64949662320389,169.0737772786027,2025-11-26 04:33:42.090556,3
426,24.692191655956638,81.59722080366409,169.61773474816556,2025-11-26 04:33:42.190556,3
427,24.737855719926443,81.58818854440425,170.70263162643715,2025-11-26 04:33:42.290556,3
428,24.80302090070211,81.63386096693262,171.31236830272863,2025-11-26 04:33:42.390556,3
429,24.838250282040597,81.4943453106834,172.47984843321484,2025-11-26 04:33:42.490556,3
430,24.774361707875816,81.44783595989735,173.37319268204652,2025-11-26 04:33:42.590556,3
431,24.898389383259964,81.40020006155878,174.3084848186599,2025-11-26 04:33:42.690556,3
432,24.77555700437246,81.34978407884653,174.6233025163201,2025-11-26 04:33:42.790556,3
433,24.78015076672766,81.30127666916434,175.28487518159065,2025-11-26 04:33:42.890556,3
434,24.711444789152644,81.29454607695504,176.29074305457587,2025-11-26 04:33:42.990556,3
435,24.719712189467312,81.27212555348726,177.27458226722234,2025-11-26 04:33:43.090556,3
436,24.74691564237476,81.21723551565515,177.97399742736766,2025-11-26 04:33:43.190556,3
437,24.82307085461056,81.14679265347425,178.78508613983814,2025-11-26 04:33:43.290556,3
438,24.806252074109615,81.11659832054784,179.8270088143313,2025-11-26 04:33:43.390556,3
439,24.821681854266508,81.01781319825395,180.68113204429298,2025-11-26 04:33:43.490556,3
440,24.78147029542348,81.05651002693493,180.6971905337614,2025-11-26 04:33:43.590556,3
441,24.70078824923856,81.05781507047863,180.80612435420863,2025-11-26 04:33:43.690556,3
442,24.654747930277924,81.01667858225896,181.23440316843173,2025-11-26 04:33:43.790556,3
443,24.647740239779683,80.96809477232479,181.0636449397277,2025-11-26 04:33:43.890556,3
444,24.560800352426273,80.91133686562786,181.23381959696883,2025-11-26 04:33:43.990556,3
445,24.516341917756765,80.81877297137633,181.43719366350976,2025-11-26 04:33:44.090556,3
446,24.539834283867123,80.80394230611779,180.9670387152034,2025-11-26 04:33:44.190556,3
447,24.56838581115123,80.80258123333378,181.3999603428067,2025-11-26 04:33:44.290556,3
448,24.578005888461707,81.12348633006862,180.46117820193874,2025-11-26 04:33:44.390556,3
449,24.527919850499153,81.12975000074586,180.17087605562546,2025-11-26 04:33:44.490556,3
450,24.512951317726063,80.88536334871092,179.63391650325676,2025-11-26 04:33:44.590556,3
451,24.478434586840912,80.88189339432166,179.4808024771374,2025-11-26 04:33:44.690556,3
452,24.34962202007776,80.96969318968536,178.20494668169405,2025-11-26 04:33:44.790556,3
453,24.328597983040854,81.008855224886,177.74394423187485,2025-11-26 04:33:44.890556,3
454,24.364441319787947,81.11104565375435,176.73201844039824,2025-11-26 04:33:44.990556,3
455,24.357790964976576,81.18564289570236,176.69858135263075,2025-11-26 04:33:45.090556,3
456,24.295264792589542,81.15218324096364,175.79539351827958,2025-11-26 04:33:45.190556,3
457,24.467913123617233,81.28871839735908,174.54451642834763,2025-11-26 04:33:45.290556,3
458,24.556866720745898,81.21790732143295,174.56134963628313,2025-11-26 04:33:45.390556,3
459,24.616841154267156,81.24098980874737,173.58596613329595,2025-11-26 04:33:45.490556,3
460,24.474653618225883,81.26201416117341,172.66894873901143,2025-11-26 04:33:45.590556,3
461,24.55917010030578,81.39284963801171,171.9786807350894,2025-11-26 04:33:45.690556,3
462,24.61642203877214,81.42751480818796,171.51369047712876,2025-11-26 04:33:45.790556,3
463,24.487793694829328,81.44208076961729,170.69703268497042,2025-11-26 04:33:45.890556,3
464,24.462832431504015,81.41554918091802,170.73624875412895,2025-11-26 04:33:45.990556,3
465,24.44942941138877,81.55462197856602,169.90188563209472,2025-11-26 04:33:46.090556,3
466,24.43765507535643,81.60716397444715,169.5655381473655,2025-11-26 04:33:46.190556,3
467,24.145039069151736,81.68836755600574,168.8078242785546,2025-11-26 04:33:46.290556,3
468,24.191041015187995,81.83360213696295,167.39525927437404,2025-11-26 04:33:46.390556,3
469,24.150213479709226,81.78792435738889,167.61252547107506,2025-11-26 04:33:46.490556,3
470,24.149062172712252,81.85146250798773,166.53480386054355,2025-11-26 04:33:46.590556,3
471,24.117307362917007,81.90810643444266,166.4564549779689,2025-11-26 04:33:46.690556,3
472,24.479725644120645,81.77426038061236,167.05416919999354,2025-11-26 04:33:46.790556,3
473,24.469090301894216,81.77100491083922,166.38813847650835,2025-11-26 04:33:46.890556,3
474,24.475011425780973,81.78154290600688,166.28343374643327,2025-11-26 04:33:46.990556,3
475,24.541864581643992,81.82894309992183,166.40588168029757,2025-11-26 04:33:47.090556,3
476,24.658254124022115,81.83650656875952,166.26387017464657,2025-11-26 04:33:47.190556,3
477,24.645286967142816,81.79244939872268,165.94118612323481,2025-11-26 04:33:47.290556,3
478,24.74211280634031,81.80973433160055,165.78831615689583,2025-11-26 04:33:47.390556,3
479,24.734110592209557,81.68563157677947,165.77648890815985,2025-11-26 04:33:47.490556,3
480,24.66445468260238,81.74686648869141,165.35593680121085,2025-11-26 04:33:47.590556,3
481,24.6722934069747,81.83729621289575,164.96857499678714,2025-11-26 04:33:47.690556,3
482,24.6682379061174,81.80217364374262,165.06206393616017,2025-11-26 04:33:47.790556,3
483,24.566116584610707,81.944529648421,164.70405171832664,2025-11-26 04:33:47.890556,3
484,24.697613697198815,81.87947127683026,164.68776294754855,2025-11-26 04:33:47.990556,3
485,24.644323116045197,81.79728500244443,165.33606160500617,2025-11-26 04:33:48.090556,3
486,24.637456620286628,81.81448371961353,164.57480299363715,2025-11-26 04:33:48.190556,3
487,24.660291293839858,81.85050721093087,164.19063065144917,2025-11-26 04:33:48.290556,3
488,24.64206969667882,81.89465551556798,164.61563060575477,2025-11-26 04:33:48.390556,3
489,24.775319698470614,81.91974275878988,163.96901224459563,2025-11-26 04:33:48.490556,3
490,24.81661295101154,81.97625904420661,164.6274849136139,2025-11-26 04:33:48.590556,3
491,24.691102026347455,82.0128997061787,163.93238414512774,2025-11-26 04:33:48.690556,3
492,24.616158834983313,81.91474593436818,163.97822337979215,2025-11-26 04:33:48.790556,3
493,24.598457311213554,81.94716970610335,163.92073739342518,2025-11-26 04:33:48.890556,3
494,24.64533369130513,81.95923968936093,163.97357740989008,2025-11-26 04:33:48.990556,3
495,24.667741507144108,81.97730556890967,163.72558586935094,2025-11-26 04:33:49.090556,3
496,24.57422925169652,82.03419548272299,163.400356602288,2025-11-26 04:33:49.190556,3
497,24.658917014767532,82.00276408441485,163.20340637414444,2025-11-26 04:33:49.290556,3
498,24.765492950162695,82.00730755781235,163.15286103622506,2025-11-26 04:33:49.390556,3
499,24.5903396128046,82.04293022405137,162.78677632024682,2025-11-26 04:33:49.490556,3
500,24.620262128471587,82.03579337495935,162.59201975662535,2025-11-26 04:33:49.590556,3
501,24.70599963129824,82.01276405231414,162.68897531528208,2025-11-26 04:33:49.690556,3
502,24.625766443743732,82.02545138554053,162.67880345080204,2025-11-26 04:33:49.790556,3
503,24.545465015346018,81.98143568613594,162.22020999886865,2025-11-26 04:33:49.890556,3
504,24.51145653943775,81.95186252059763,162.46959583366,2025-11-26 04:33:49.990556,3
505,24.675699241671794,82.01566438727656,161.71209008722298,2025-11-26 04:33:50.090556,3
506,24.661659310089348,81.67767201097165,161.53563911221752,2025-11-26 04:33:50.190556,3
507,24.6573198875213,81.68089386802497,161.61646349267076,2025-11-26 04:33:50.290556,3
508,24.69460141826758,82.04486275420139,161.34505325146299,2025-11-26 04:33:50.390556,3
509,24.67813072421851,82.07442355034078,161.22158047352022,2025-11-26 04:33:50.490556,3
510,24.739000349360698,82.05126343695429,161.3233322988586,2025-11-26 04:33:50.590556,3
511,24.656778569271655,81.9942586174633,161.05736096141683,2025-11-26 04:33:50.690556,3
512,24.68348560350579,81.9733240662447,161.03898291953905,2025-11-26 04:33:50.790556,3
513,24.658471391163165,81.96664266959283,161.00732183427732,2025-11-26 04:33:50.890556,3
514,24.691406155428112,81.97388073098311,160.89590293130377,2025-11-26 04:33:50.990556,3
515,24.661855851691143,81.94667632144774,160.89368086965482,2025-11-26 04:33:51.090556,3
516,24.789720220850093,81.92535045748873,160.57405600754166,2025-11-26 04:33:51.190556,3
517,24.79405937126287,81.85392651256322,160.25677658985083,2025-11-26 04:33:51.290556,3
518,24.75056548499665,81.81894793567632,160.63161654209608,2025-11-26 04:33:51.390556,3
519,24.807765464961964,81.7899102612264,160.45532660056818,2025-11-26 04:33:51.490556,3
520,24.842200655961843,81.84425912202526,160.81984579808227,2025-11-26 04:33:51.590556,3
521,24.945193279980728,81.84991813159746,160.89488477062125,2025-11-26 04:33:51.690556,3
522,24.901051473332107,81.89074203300464,161.03997295949682,2025-11-26 04:33:51.790556,3
523,25.02689186144092,81.87246063662157,160.85528530503217,2025-11-26 04:33:51.890556,3
524,25.066920007557897,81.89246633395292,160.6941160690848,2025-11-26 04:33:51.990556,3
525,25.07778112662447,81.96722049897109,160.18329922552383,2025-11-26 04:33:52.090556,3
526,24.983051027199572,81.91876748789572,160.66823708353292,2025-11-26 04:33:52.190556,3
527,24.88811067666304,81.92721120941519,160.82921719666837,2025-11-26 04:33:52.290556,3
528,24.79952315715522,81.96842228939451,160.39203773163794,2025-11-26 04:33:52.390556,3
529,24.728518371710866,81.98797228683418,160.8416498742279,2025-11-26 04:33:52.490556,3
530,24.70622223635607,82.07450903352506,160.48724838266796,2025-11-26 04:33:52.590556,3
531,24.727955530195384,82.08379195375866,160.84738908871378,2025-11-26 04:33:52.690556,3
532,24.763678238177683,82.06445495915828,161.0270470916216,2025-11-26 04:33:52.790556,3
533,24.950986572323195,82.03910425600984,160.57225820460144,2025-11-26 04:33:52.890556,3
534,24.970370555632417,81.97854694646561,161.06435751085223,2025-11-26 04:33:52.990556,3
535,24.975500404976145,82.17747538286889,160.35974480984223,2025-11-26 04:33:57.990556,4
536,24.99393730309411,82.11599626218644,160.64649801019462,2025-11-26 04:33:58.090556,4
537,24.943910197813167,82.12363287913549,161.16134739019807,2025-11-26 04:33:58.190556,4
538,24.958691106192937,82.06273447230444,160.8042191199054,2025-11-26 04:33:58.290556,4
539,24.915090843198403,82.08835845115772,160.98755888970888,2025-11-26 04:33:58.390556,4
540,24.87723094411216,82.04963519276967,161.02178048510967,2025-11-26 04:33:58.490556,4
541,24.907144661064063,82.01234101762168,160.75794623618475,2025-11-26 04:33:58.590556,4
542,24.87094728407387,82.07610473586337,160.90849350482415,2025-11-26 04:33:58.690556,4
543,24.873771368907896,82.0598154940966,160.7848611572375,2025-11-26 04:33:58.790556,4
544,24.750211101720062,82.03624581200276,160.53223629474863,2025-11-26 04:33:58.890556,4
545,24.686883835465586,81.92469597570489,160.84332011540903,2025-11-26 04:33:58.990556,4
546,24.643811158670772,82.0202155784168,160.20109954691438,2025-11-26 04:33:59.090556,4
547,24.658175053670547,81.98066265185284,161.3191441034889,2025-11-26 04:33:59.190556,4
548,24.644475306574456,81.88304140971844,160.64753348450301,2025-11-26 04:33:59.290556,4
549,24.64073751170335,81.90824473395836,161.07772465973997,2025-11-26 04:33:59.390556,4
550,24.72635167885026,81.96453241164195,160.97781333646554,2025-11-26 04:33:59.490556,4
551,24.73792267628718,81.95682553264595,161.24355591090304,2025-11-26 04:33:59.590556,4
552,24.623485088913203,82.0245003534059,160.5133755570119,2025-11-26 04:33:59.690556,4
553,24.523448743670627,82.1135597547381,160.65170491636084,2025-11-26 04:33:59.790556,4
554,24.639528185625863,82.0833305608091,161.05395981074028,2025-11-26 04:33:59.890556,4
555,24.738402778685412,82.15438718847109,159.97048260743577,2025-11-26 04:33:59.990556,4
556,24.716758557383823,82.10027008652688,161.00625659338712,2025-11-26 04:34:00.090556,4
557,24.61776819910859,82.06273878972078,161.22844904533028,2025-11-26 04:34:00.190556,4
558,24.767170206901874,82.03934853140906,161.17617619715637,2025-11-26 04:34:00.290556,4
559,24.81037288525511,82.03780589766284,161.08717419789224,2025-11-26 04:34:00.390556,4
560,24.721522882841356,82.07996446988281,160.82999058338538,2025-11-26 04:34:00.490556,4
561,24.762578542397947,82.0712700131216,161.00352380025984,2025-11-26 04:34:00.590556,4
562,24.80377284808335,82.08050488051353,161.15164483021093,2025-11-26 04:34:00.690556,4
563,24.96424174497359,82.06706123805247,161.02843769196338,2025-11-26 04:34:00.790556,4
564,25.15052452021251,82.0739020599619,160.84538760012697,2025-11-26 04:34:00.890556,4
565,25.164208790669225,82.03691954672016,160.60852389075032,2025-11-26 04:34:00.990556,4
566,25.274798371422683,82.02316303950633,160.4473671182371,2025-11-26 04:34:01.090556,4
567,25.207087626107555,82.01822175664829,161.1367669397263,2025-11-26 04:34:01.190556,4
568,25.16433763564043,82.14419167495737,159.79613145461437,2025-11-26 04:34:01.290556,4
569,25.218322865730684,82.0525792135134,160.6028718784539,2025-11-26 04:34:01.390556,4
570,25.24826635110747,82.00039350810006,160.89791092530191,2025-11-26 04:34:01.490556,4
571,25.284100127260185,81.93809427424259,161.10766768142858,2025-11-26 04:34:01.590556,4
572,25.28835855307342,81.97959775381489,161.25405070371002,2025-11-26 04:34:01.690556,4
573,25.238757105705062,82.0256312123041,160.99238712765046,2025-11-26 04:34:01.790556,4
574,25.20936571617851,82.01728146147077,160.6106920806428,2025-11-26 04:34:01.890556,4
575,25.183550542943394,82.03391347298829,160.94796509211915,2025-11-26 04:34:01.990556,4
576,25.183050002540533,82.05420986074641,160.52813246265305,2025-11-26 04:34:02.090556,4
577,25.1478620865055,81.9748213215974,161.2489173183557,2025-11-26 04:34:02.190556,4
578,25.209556736490004,82.03779869354442,160.80900331779975,2025-11-26 04:34:02.290556,4
579,25.227028914024366,82.06650570837878,160.65212342322494,2025-11-26 04:34:02.390556,4
580,25.21098093334746,82.02526276481333,160.65426529286236,2025-11-26 04:34:02.490556,4
581,25.201994659239844,81.89255098036497,160.732304524947,2025-11-26 04:34:02.590556,4
582,25.118891446800895,81.97108808778263,160.69271996217213,2025-11-26 04:34:02.690556,4
583,25.050918466350346,81.84834759536265,161.61229292633533,2025-11-26 04:34:02.790556,4
584,25.129298853554516,81.94241179329727,160.5484569774973,2025-11-26 04:34:02.890556,4
585,25.063593430311272,81.99630688390732,160.71009252568456,2025-11-26 04:34:02.990556,4
586,25.08184021883235,81.94628112016146,161.15734741381075,2025-11-26 04:34:03.090556,4
587,25.112467927751343,81.98892036709422,161.12200977197767,2025-11-26 04:34:03.190556,4
588,25.235708550326247,82.06359200818365,161.14979655037686,2025-11-26 04:34:03.290556,4
589,25.18013397047662,82.07200866575633,161.63858752600638,2025-11-26 04:34:03.390556,4
590,25.224121039830038,82.02766000132316,161.67465919941728,2025-11-26 04:34:03.490556,4
591,25.258229648349097,81.9606929429989,162.10614533126713,2025-11-26 04:34:03.590556,4
592,25.291066260295086,81.91563418558245,162.4739847722896,2025-11-26 04:34:03.690556,4
593,25.38650853222427,81.8054488840802,163.59514142344764,2025-11-26 04:34:03.790556,4
594,25.345044021553583,81.78511103914752,164.12735813310763,2025-11-26 04:34:03.890556,4
595,25.249521191166338,81.74758486184544,164.22577565379459,2025-11-26 04:34:03.990556,4
596,25.09703479404729,81.76691073333448,164.89335073662878,2025-11-26 04:34:04.090556,4
597,24.99766300827157,81.66223228040379,165.48884789330728,2025-11-26 04:34:04.190556,4
598,24.941471781533778,81.72298529741764,166.1267946603745,2025-11-26 04:34:04.290556,4
599,24.7703286437057,81.7148677132788,166.93791737996526,2025-11-26 04:34:04.390556,4
600,24.636082687374916,81.59699728948408,168.46739037341192,2025-11-26 04:34:04.490556,4
601,24.71500323274254,81.5109867521689,168.82617689847103,2025-11-26 04:34:04.590556,4
602,24.738769047664405,81.50287623086314,169.05878002236068,2025-11-26 04:34:04.690556,4
603,24.730007563003888,81.24385402455393,170.34334986504322,2025-11-26 04:34:04.790556,4
604,24.661219957871754,81.31103512301922,170.96174361991467,2025-11-26 04:34:04.890556,4
605,24.594381001505702,81.49775338372402,172.19510007100237,2025-11-26 04:34:04.990556,4
606,24.487276546866404,81.37968186230923,172.88827439773374,2025-11-26 04:34:05.090556,4
607,24.491997205221956,81.24345673977467,174.21551496712857,2025-11-26 04:34:05.190556,4
608,24.51731990453345,81.2056509412884,175.23110632369514,2025-11-26 04:34:05.290556,4
609,24.48924976873567,81.21703316895152,176.29438580531877,2025-11-26 04:34:05.390556,4
610,24.488599554187097,81.14922752050624,176.6522838195009,2025-11-26 04:34:05.490556,4
611,24.381145399239415,81.14360361532108,177.4043874810716,2025-11-26 04:34:05.590556,4
612,24.293033318086287,81.14228095961391,178.5479004314127,2025-11-26 04:34:05.690556,4
613,24.204816084707506,81.1284699353394,179.66637027315818,2025-11-26 04:34:05.790556,4
614,24.222525074256126,80.95222126551306,180.46149487627073,2025-11-26 04:34:05.890556,4
615,24.261916151149716,80.83673992128742,181.3835746757109,2025-11-26 04:34:05.990556,4
616,24.259024080446636,80.68915909326759,182.5680762425031,2025-11-26 04:34:06.090556,4
617,24.260374376965693,80.61501308464618,183.53907949340692,2025-11-26 04:34:06.190556,4
618,24.412052912035797,80.57254690305933,183.5573354603815,2025-11-26 04:34:06.290556,4
619,24.525079108845848,80.5272739965715,183.6811760141531,2025-11-26 04:34:06.390556,4
620,24.549896342022745,80.53517283487983,184.1680614029541,2025-11-26 04:34:06.490556,4
621,24.507510621648603,80.58469247111745,183.97393625874324,2025-11-26 04:34:06.590556,4
622,24.421708502349166,80.568721933088,184.16739797434366,2025-11-26 04:34:06.690556,4
623,24.41778238287125,80.60840877997367,184.39860217630599,2025-11-26 04:34:06.790556,4
624,24.44215838550159,80.71838361890218,183.86411023507347,2025-11-26 04:34:06.890556,4
625,24.50851109907478,80.71736291903674,184.35627376961196,2025-11-26 04:34:06.990556,4
626,24.367731740728463,80.86104587952651,183.2890267042042,2025-11-26 04:34:07.090556,4
627,24.39760795524355,80.90134320664842,182.95899900102697,2025-11-26 04:34:07.190556,4
628,24.43082250070309,80.92076581491457,182.34856077307097,2025-11-26 04:34:07.290556,4
629,24.424182239463658,80.85145697374807,182.17449430127212,2025-11-26 04:34:07.390556,4
630,24.453559859529918,80.93689415148152,180.7240477127681,2025-11-26 04:34:07.490556,4
631,24.589898624838927,81.09023445181528,180.19996071718418,2025-11-26 04:34:07.590556,4
632,24.631393873763578,81.18354260629256,179.0495608700318,2025-11-26 04:34:07.690556,4
633,24.642817578173396,81.1435536378319,179.01154818078038,2025-11-26 04:34:07.790556,4
634,24.647604302824362,81.21920318089042,177.9847662217285,2025-11-26 04:34:07.890556,4
635,24.698715042342517,81.25507975832136,176.5627164773848,2025-11-26 04:34:07.990556,4
636,24.557326600603943,81.17533605773306,176.58185317693255,2025-11-26 04:34:08.090556,4
637,24.5050296189585,81.64758886472626,175.47299614195765,2025-11-26 04:34:08.190556,4
638,24.450730693558366,81.68052656108691,174.43049215687628,2025-11-26 04:34:08.290556,4
639,24.3980307850423,81.45390971776303,173.64576642610177,2025-11-26 04:34:08.390556,4
640,24.487736532051503,81.53778522533732,173.11714592231493,2025-11-26 04:34:08.490556,4
641,24.596176265547513,81.53246925673646,172.1887349585981,2025-11-26 04:34:08.590556,4
642,24.62018820135209,81.52771715480844,172.2333174372204,2025-11-26 04:34:08.690556,4
643,24.571737367037446,81.52421059086542,171.2847783090131,2025-11-26 04:34:08.790556,4
644,24.543678599570203,81.51793804423363,170.90240432637356,2025-11-26 04:34:08.890556,4
645,24.12727677153492,81.54520737506114,170.04100329656748,2025-11-26 04:34:08.990556,4
646,24.16456085621012,81.74232949908999,168.4351399233938,2025-11-26 04:34:09.090556,4
647,24.150912303629056,81.73181157819047,168.6821372838539,2025-11-26 04:34:09.190556,4
648,24.192428316595617,81.75417364844309,167.45693797924963,2025-11-26 04:34:09.290556,4
649,24.19754004749237,81.77516942488703,167.36786767063845,2025-11-26 04:34:09.390556,4
650,24.592214364744105,81.80517198634129,168.0473743651507,2025-11-26 04:34:09.490556,4
651,24.708276610034993,81.82173693659664,167.29020259529383,2025-11-26 04:34:09.590556,4
652,24.726556573501792,81.81363429498641,167.17116984952426,2025-11-26 04:34:09.690556,4
653,24.830858885356236,81.78013719693915,167.3103738164437,2025-11-26 04:34:09.790556,4
654,24.718545681149273,81.79418781144734,167.1489291573878,2025-11-26 04:34:09.890556,4
655,24.72612783569638,81.81391592958265,166.78208834104603,2025-11-26 04:34:09.990556,4
656,24.753622280232804,81.90948464349096,166.60829932668173,2025-11-26 04:34:10.090556,4
657,24.64028662756186,81.8847807011214,166.59485361232925,2025-11-26 04:34:10.190556,4
658,24.643727117823993,81.86929663614109,166.11675226969248,2025-11-26 04:34:10.290556,4
659,24.70297245707016,81.84809894093337,165.67638306045288,2025-11-26 04:34:10.390556,4
660,24.741428946809013,81.82719294169453,165.78266522310852,2025-11-26 04:34:10.490556,4
661,24.65650091444543,81.86326481859736,165.37566185967674,2025-11-26 04:34:10.590556,4
662,24.60116720591488,81.81086190968843,165.3571440992132,2025-11-26 04:34:10.690556,4
663,24.636163945629303,81.71546065714115,166.0941573097966,2025-11-26 04:34:10.790556,4
664,24.683657997749926,81.79800112378908,165.22872646739816,2025-11-26 04:34:10.890556,4
665,24.530774545665743,81.82545293709889,164.7919831731213,2025-11-26 04:34:10.990556,4
666,24.468924192384893,81.73785102358217,165.27514101591083,2025-11-26 04:34:11.090556,4
667,24.476361776925465,81.73081281193522,164.54003803690884,2025-11-26 04:34:11.190556,4
668,24.459072369074285,81.65243008935681,165.28861749221386,2025-11-26 04:34:11.290556,4
669,24.487262269620317,81.64234283475764,164.498397671198,2025-11-26 04:34:11.390556,4
670,24.415614875468407,81.57360754811963,164.55050964323752,2025-11-26 04:34:11.490556,4
671,24.44407583988584,81.68359267038414,164.48515715347298,2025-11-26 04:34:11.590556,4
672,24.50203038826255,81.65528431383407,164.5452279090331,2025-11-26 04:34:11.690556,4
673,24.511631489747685,81.68931452891086,164.2633006839991,2025-11-26 04:34:11.790556,4
674,24.483701383989864,81.67082011936793,163.89356635933808,2025-11-26 04:34:11.890556,4
675,24.522397415302212,81.70491228515019,163.6696650473433,2025-11-26 04:34:11.990556,4
676,24.506646045768946,81.64770076464036,163.6122029789718,2025-11-26 04:34:12.090556,4
677,24.6209130164748,81.73665102564439,163.19602245975443,2025-11-26 04:34:12.190556,4
678,24.748863943648107,81.73008883303238,162.97461499795318,2025-11-26 04:34:12.290556,4
679,24.730387256289372,81.79487690438764,163.08483815937345,2025-11-26 04:34:12.390556,4
680,24.725335609025024,81.75946103174965,163.0732743555435,2025-11-26 04:34:12.490556,4
681,24.747673651685073,81.88770701350884,162.55192601018769,2025-11-26 04:34:12.590556,4
682,24.6993085642286,81.87015809411993,162.83543832763468,2025-11-26 04:34:12.690556,4
683,24.81751048149801,81.98677659775954,161.97427390010625,2025-11-26 04:34:12.790556,4
684,24.875531757954978,81.91834465889302,161.77367700220532,2025-11-26 04:34:12.890556,4
685,24.796090674942008,81.58336659560757,161.86556156103637,2025-11-26 04:34:12.990556,4
686,24.88067884055218,81.62405191497538,161.55701097103173,2025-11-26 04:34:13.090556,4
687,24.923487896954367,82.0343661235928,161.4166419182126,2025-11-26 04:34:13.190556,4
688,24.866210566909896,82.09369467500805,161.53231767754463,2025-11-26 04:34:13.290556,4
689,24.857003644040866,82.01448832801171,161.2299502623477,2025-11-26 04:34:13.390556,4
690,24.764719892678478,82.05370574591984,161.20905733052876,2025-11-26 04:34:13.490556,4
691,24.836838041915374,82.03848181102484,161.1730636757049,2025-11-26 04:34:13.590556,4
692,24.8198938199218,81.9708148319252,161.0463979754823,2025-11-26 04:34:13.690556,4
693,24.792783612608527,81.98351398155025,161.0438718422393,2025-11-26 04:34:13.790556,4
694,24.781875722386037,81.99746671453507,160.68050884110013,2025-11-26 04:34:13.890556,4
695,24.747853322110146,82.0459850331188,160.3198122399358,2025-11-26 04:34:13.990556,4
696,24.714726411578713,82.03293520248182,160.74594608038305,2025-11-26 04:34:14.090556,4
697,24.7196554243523,82.05236363796186,160.54553225211976,2025-11-26 04:34:14.190556,4
698,24.761336567351197,81.94234469529538,160.9599330240305,2025-11-26 04:34:14.290556,4
699,24.752161733393628,82.01433633926545,161.0452404875485,2025-11-26 04:34:14.390556,4
700,24.717703168636813,82.0123389131031,161.21018284963864,2025-11-26 04:34:14.490556,4
701,24.765465114507787,81.87969912255986,161.0002221477209,2025-11-26 04:34:14.590556,4
702,24.60243088671857,81.97835016021345,160.81699817422287,2025-11-26 04:34:14.690556,4
703,24.7319450072223,81.99811713193722,160.2362800783851,2025-11-26 04:34:14.790556,4
704,24.669721525755083,82.00625110370231,160.787577853806,2025-11-26 04:34:14.890556,4
705,24.638510413301773,82.02340633941738,160.97058682452837,2025-11-26 04:34:14.990556,4
706,24.62528514069935,82.02853335324362,160.47358280112536,2025-11-26 04:34:15.090556,4
707,24.531803937027398,82.03970051186754,160.98472081585925,2025-11-26 04:34:15.190556,4
708,24.669504843229145,82.10398256160462,160.5818222780858,2025-11-26 04:34:15.290556,4
709,24.684007749512816,82.14838254754636,160.9912453965379,2025-11-26 04:34:15.390556,4
710,24.724544675311794,82.19562633064241,161.195488178791,2025-11-26 04:34:15.490556,4
711,24.72944114689459,82.19863258932118,160.67846502302072,2025-11-26 04:34:15.590556,4
712,24.629255820614365,82.21528433913481,161.2379042343374,2025-11-26 04:34:15.690556,4
